date,max_temperature_f,mean_temperature_f,min_temperature_f,max_dew_point_f,mean_dew_point_f,min_dew_point_f,max_humidity,mean_humidity,min_humidity,max_sea_level_pressure_inches,mean_sea_level_pressure_inches,min_sea_level_pressure_inches,max_visibility_miles,mean_visibility_miles,min_visibility_miles,max_wind_Speed_mph,mean_wind_speed_mph,max_gust_speed_mph,precipitation_inches,cloud_cover,events,wind_dir_degrees,zip_code
8/29/2013,74.0,68.0,61.0,61.0,58.0,56.0,93.0,75.0,57.0,30.07,30.02,29.97,10.0,10.0,10.0,23.0,11.0,28.0,0,4.0,,286.0,94107
8/30/2013,78.0,69.0,60.0,61.0,58.0,56.0,90.0,70.0,50.0,30.05,30.0,29.93,10.0,10.0,7.0,29.0,13.0,35.0,0,2.0,,291.0,94107
8/31/2013,71.0,64.0,57.0,57.0,56.0,54.0,93.0,75.0,57.0,30.0,29.96,29.92,10.0,10.0,10.0,26.0,15.0,31.0,0,4.0,,284.0,94107
9/1/2013,74.0,66.0,58.0,60.0,56.0,53.0,87.0,68.0,49.0,29.96,29.93,29.91,10.0,10.0,10.0,25.0,13.0,29.0,0,4.0,,284.0,94107
9/2/2013,75.0,69.0,62.0,61.0,60.0,58.0,93.0,77.0,61.0,29.97,29.94,29.9,10.0,10.0,6.0,23.0,12.0,30.0,0,6.0,,277.0,94107
9/3/2013,73.0,67.0,60.0,59.0,56.0,51.0,84.0,65.0,46.0,30.02,29.98,29.95,10.0,10.0,10.0,24.0,15.0,31.0,0,2.0,,276.0,94107
9/4/2013,74.0,68.0,61.0,59.0,57.0,56.0,90.0,72.0,53.0,30.05,30.01,29.97,10.0,10.0,10.0,29.0,19.0,35.0,0,4.0,,269.0,94107
9/5/2013,72.0,66.0,60.0,57.0,56.0,54.0,90.0,74.0,57.0,30.04,30.0,29.97,10.0,10.0,10.0,31.0,21.0,37.0,0,3.0,,270.0,94107
9/6/2013,85.0,71.0,56.0,57.0,51.0,45.0,86.0,58.0,29.0,30.0,29.92,29.83,10.0,10.0,10.0,24.0,8.0,28.0,0,0.0,,287.0,94107
9/7/2013,88.0,73.0,58.0,64.0,54.0,46.0,86.0,59.0,31.0,29.88,29.85,29.81,10.0,10.0,10.0,21.0,8.0,25.0,0,1.0,,305.0,94107
9/8/2013,74.0,65.0,56.0,58.0,54.0,52.0,86.0,70.0,53.0,29.88,29.83,29.76,10.0,10.0,10.0,26.0,11.0,31.0,0,2.0,,299.0,94107
9/9/2013,76.0,66.0,55.0,58.0,55.0,52.0,90.0,70.0,50.0,29.82,29.77,29.72,10.0,10.0,10.0,26.0,11.0,30.0,0,1.0,,303.0,94107
9/10/2013,74.0,66.0,57.0,59.0,56.0,54.0,93.0,73.0,53.0,29.91,29.82,29.76,10.0,10.0,10.0,17.0,8.0,21.0,0,1.0,,230.0,94107
9/11/2013,74.0,68.0,62.0,57.0,55.0,54.0,78.0,68.0,57.0,30.0,29.97,29.91,10.0,10.0,10.0,18.0,9.0,23.0,0,5.0,,219.0,94107
9/12/2013,71.0,65.0,59.0,58.0,57.0,55.0,84.0,73.0,61.0,29.99,29.95,29.91,10.0,10.0,9.0,25.0,11.0,30.0,0,7.0,Fog,268.0,94107
9/13/2013,66.0,62.0,57.0,55.0,54.0,54.0,93.0,80.0,67.0,29.92,29.87,29.8,10.0,10.0,7.0,30.0,15.0,37.0,0,6.0,,271.0,94107
9/14/2013,66.0,62.0,57.0,55.0,54.0,53.0,87.0,77.0,67.0,29.86,29.81,29.77,10.0,10.0,9.0,25.0,16.0,33.0,0,7.0,,265.0,94107
9/15/2013,73.0,66.0,58.0,59.0,55.0,52.0,90.0,72.0,53.0,29.88,29.85,29.81,10.0,10.0,6.0,23.0,13.0,26.0,0,5.0,,276.0,94107
9/16/2013,71.0,65.0,59.0,58.0,55.0,53.0,90.0,74.0,57.0,29.91,29.87,29.81,10.0,10.0,6.0,31.0,16.0,39.0,0,3.0,,274.0,94107
9/17/2013,68.0,63.0,57.0,55.0,53.0,50.0,86.0,72.0,58.0,29.91,29.87,29.84,10.0,10.0,10.0,39.0,22.0,51.0,0,3.0,,270.0,94107
9/18/2013,78.0,66.0,54.0,55.0,49.0,47.0,78.0,60.0,41.0,29.92,29.88,29.85,10.0,10.0,10.0,25.0,10.0,30.0,0,1.0,,278.0,94107
9/19/2013,80.0,67.0,54.0,56.0,50.0,46.0,77.0,58.0,38.0,29.87,29.82,29.76,10.0,10.0,10.0,26.0,10.0,33.0,0,0.0,,297.0,94107
9/20/2013,73.0,65.0,56.0,59.0,56.0,50.0,87.0,70.0,53.0,29.88,29.84,29.79,10.0,10.0,9.0,17.0,10.0,23.0,0,6.0,,248.0,94107
9/21/2013,68.0,63.0,58.0,59.0,56.0,53.0,90.0,75.0,59.0,29.91,29.85,29.82,10.0,9.0,2.0,24.0,12.0,28.0,0.23,6.0,Rain,218.0,94107
9/22/2013,70.0,63.0,55.0,55.0,53.0,49.0,93.0,70.0,47.0,30.02,29.97,29.92,10.0,10.0,10.0,29.0,10.0,35.0,0,1.0,,292.0,94107
9/23/2013,78.0,68.0,57.0,58.0,54.0,50.0,78.0,64.0,50.0,30.03,29.99,29.95,10.0,10.0,10.0,24.0,9.0,30.0,0,0.0,,294.0,94107
9/24/2013,71.0,65.0,58.0,54.0,52.0,50.0,78.0,66.0,53.0,30.01,29.97,29.93,10.0,10.0,10.0,36.0,19.0,43.0,0,1.0,,277.0,94107
9/25/2013,67.0,62.0,56.0,51.0,47.0,45.0,83.0,64.0,45.0,29.95,29.91,29.84,10.0,10.0,10.0,35.0,20.0,45.0,0,1.0,,281.0,94107
9/26/2013,71.0,62.0,53.0,46.0,43.0,38.0,72.0,53.0,33.0,29.99,29.92,29.85,10.0,10.0,10.0,24.0,11.0,29.0,0,0.0,,281.0,94107
9/27/2013,78.0,66.0,54.0,47.0,41.0,34.0,67.0,46.0,25.0,30.11,30.06,30.0,10.0,10.0,10.0,23.0,7.0,28.0,0,0.0,,279.0,94107
9/28/2013,78.0,66.0,53.0,55.0,48.0,38.0,84.0,60.0,35.0,30.1,30.06,30.02,10.0,10.0,10.0,28.0,9.0,32.0,0,1.0,,296.0,94107
9/29/2013,75.0,66.0,57.0,59.0,56.0,53.0,87.0,70.0,53.0,30.11,30.09,30.06,10.0,10.0,10.0,16.0,7.0,21.0,0,3.0,,253.0,94107
9/30/2013,73.0,66.0,59.0,60.0,57.0,43.0,87.0,69.0,51.0,30.07,30.03,29.98,10.0,10.0,10.0,22.0,10.0,26.0,T,4.0,Fog,264.0,94107
10/1/2013,69.0,63.0,56.0,50.0,48.0,46.0,77.0,61.0,45.0,30.03,29.98,29.94,10.0,10.0,10.0,22.0,13.0,26.0,0,3.0,,273.0,94107
10/2/2013,69.0,62.0,54.0,49.0,46.0,44.0,77.0,61.0,45.0,30.02,29.98,29.94,10.0,10.0,10.0,29.0,14.0,35.0,0,2.0,,280.0,94107
10/3/2013,70.0,62.0,54.0,44.0,41.0,35.0,66.0,47.0,28.0,30.09,30.02,29.96,10.0,10.0,10.0,25.0,13.0,30.0,0,0.0,,294.0,94107
10/4/2013,76.0,69.0,61.0,51.0,42.0,28.0,53.0,38.0,22.0,30.1,30.05,29.98,10.0,10.0,10.0,22.0,9.0,25.0,0,0.0,,13.0,94107
10/5/2013,80.0,69.0,57.0,52.0,36.0,24.0,56.0,36.0,15.0,30.2,30.14,30.1,10.0,10.0,10.0,12.0,5.0,13.0,0,0.0,,122.0,94107
10/6/2013,83.0,70.0,56.0,52.0,44.0,27.0,66.0,40.0,13.0,30.13,30.07,30.0,10.0,10.0,10.0,14.0,5.0,15.0,0.01,4.0,,345.0,94107
10/7/2013,80.0,68.0,56.0,49.0,41.0,31.0,72.0,46.0,19.0,30.0,29.95,29.89,10.0,10.0,10.0,28.0,9.0,31.0,0,3.0,,295.0,94107
10/8/2013,72.0,62.0,52.0,50.0,47.0,44.0,77.0,59.0,41.0,29.92,29.84,29.74,10.0,10.0,10.0,20.0,10.0,24.0,0,2.0,,278.0,94107
10/9/2013,68.0,60.0,52.0,48.0,45.0,39.0,83.0,60.0,37.0,29.77,29.69,29.64,10.0,10.0,10.0,17.0,8.0,21.0,0,2.0,,286.0,94107
10/10/2013,70.0,62.0,53.0,52.0,47.0,43.0,77.0,61.0,45.0,30.02,29.91,29.77,10.0,10.0,10.0,13.0,5.0,15.0,0,1.0,,302.0,94107
10/11/2013,63.0,57.0,51.0,49.0,47.0,45.0,83.0,70.0,56.0,30.09,30.04,30.0,10.0,10.0,10.0,25.0,9.0,30.0,0,4.0,,275.0,94107
10/12/2013,64.0,56.0,47.0,50.0,46.0,42.0,89.0,71.0,53.0,30.02,29.98,29.91,10.0,8.0,0.0,32.0,13.0,40.0,0,3.0,Fog,252.0,94107
10/13/2013,73.0,62.0,51.0,51.0,47.0,40.0,89.0,60.0,31.0,30.07,30.01,29.94,10.0,10.0,10.0,22.0,7.0,26.0,0,1.0,,286.0,94107
10/14/2013,77.0,64.0,51.0,50.0,41.0,36.0,71.0,49.0,27.0,30.12,30.06,30.01,10.0,10.0,10.0,18.0,5.0,,0,0.0,,272.0,94107
10/15/2013,80.0,67.0,53.0,50.0,37.0,31.0,61.0,40.0,18.0,30.05,30.01,29.96,10.0,10.0,10.0,21.0,5.0,22.0,0,0.0,,294.0,94107
10/16/2013,80.0,67.0,53.0,54.0,42.0,32.0,63.0,41.0,19.0,30.09,30.05,30.0,10.0,10.0,10.0,13.0,4.0,14.0,0,1.0,,305.0,94107
10/17/2013,81.0,68.0,54.0,53.0,45.0,35.0,72.0,56.0,39.0,30.09,30.03,29.97,10.0,10.0,10.0,20.0,7.0,24.0,0,0.0,,306.0,94107
10/18/2013,68.0,60.0,51.0,52.0,48.0,46.0,83.0,66.0,48.0,30.06,30.02,29.99,10.0,10.0,10.0,23.0,10.0,25.0,0,1.0,,294.0,94107
10/19/2013,74.0,62.0,49.0,52.0,48.0,45.0,86.0,65.0,44.0,30.09,30.04,30.0,10.0,10.0,10.0,21.0,9.0,23.0,0,0.0,,301.0,94107
10/20/2013,64.0,57.0,49.0,52.0,47.0,45.0,93.0,77.0,60.0,30.03,29.99,29.92,10.0,8.0,0.0,22.0,11.0,26.0,0,2.0,Fog,290.0,94107
10/21/2013,61.0,55.0,48.0,50.0,47.0,45.0,93.0,80.0,67.0,30.03,29.98,29.93,10.0,10.0,7.0,21.0,9.0,25.0,0,3.0,,284.0,94107
10/22/2013,64.0,56.0,47.0,51.0,48.0,46.0,100.0,82.0,64.0,30.03,29.99,29.93,10.0,5.0,0.0,21.0,10.0,25.0,0,5.0,Fog,281.0,94107
10/23/2013,61.0,55.0,49.0,51.0,48.0,46.0,93.0,83.0,72.0,30.0,29.96,29.91,10.0,7.0,2.0,23.0,9.0,28.0,0,6.0,Fog,282.0,94107
10/24/2013,60.0,57.0,53.0,48.0,47.0,45.0,83.0,73.0,62.0,30.12,30.05,29.99,10.0,10.0,8.0,15.0,9.0,20.0,0,6.0,,269.0,94107
10/25/2013,67.0,59.0,50.0,50.0,47.0,45.0,86.0,69.0,52.0,30.18,30.13,30.09,10.0,10.0,10.0,21.0,9.0,24.0,0,4.0,,263.0,94107
10/26/2013,70.0,60.0,49.0,53.0,48.0,43.0,89.0,67.0,44.0,30.15,30.09,30.02,10.0,10.0,10.0,22.0,9.0,25.0,0,1.0,Fog,292.0,94107
10/27/2013,60.0,55.0,50.0,49.0,47.0,45.0,89.0,76.0,62.0,30.04,29.9,29.69,10.0,10.0,10.0,43.0,18.0,51.0,T,6.0,Rain,267.0,94107
10/28/2013,61.0,57.0,52.0,48.0,46.0,44.0,83.0,69.0,55.0,29.86,29.75,29.69,10.0,10.0,10.0,36.0,15.0,43.0,0,5.0,,263.0,94107
10/29/2013,63.0,58.0,52.0,48.0,45.0,42.0,83.0,66.0,48.0,30.06,29.97,29.87,10.0,10.0,10.0,17.0,7.0,21.0,0,4.0,,256.0,94107
10/30/2013,65.0,57.0,48.0,50.0,45.0,42.0,83.0,66.0,48.0,30.16,30.11,30.07,10.0,10.0,10.0,18.0,7.0,22.0,0,2.0,,286.0,94107
10/31/2013,70.0,59.0,48.0,51.0,43.0,38.0,71.0,54.0,37.0,30.19,30.13,30.08,10.0,10.0,10.0,14.0,4.0,,0,0.0,,300.0,94107
11/1/2013,74.0,63.0,51.0,53.0,45.0,41.0,77.0,57.0,37.0,30.14,30.08,30.01,10.0,10.0,10.0,15.0,4.0,18.0,0,0.0,,315.0,94107
11/2/2013,63.0,57.0,50.0,51.0,47.0,41.0,89.0,73.0,56.0,30.03,29.99,29.93,10.0,9.0,2.0,28.0,13.0,33.0,0,3.0,,284.0,94107
11/3/2013,63.0,55.0,47.0,45.0,41.0,34.0,77.0,56.0,34.0,30.06,29.99,29.94,10.0,10.0,10.0,22.0,9.0,24.0,0,4.0,,277.0,94107
11/4/2013,67.0,56.0,44.0,43.0,39.0,32.0,80.0,56.0,31.0,30.07,30.0,29.94,10.0,10.0,10.0,23.0,9.0,28.0,0,0.0,,286.0,94107
11/5/2013,71.0,61.0,50.0,45.0,38.0,29.0,66.0,44.0,22.0,30.22,30.16,30.08,10.0,10.0,10.0,15.0,4.0,17.0,0,1.0,,279.0,94107
11/6/2013,70.0,61.0,51.0,49.0,42.0,36.0,72.0,52.0,31.0,30.26,30.21,30.16,10.0,10.0,9.0,5.0,0.0,6.0,0,5.0,,68.0,94107
11/7/2013,71.0,64.0,56.0,51.0,46.0,40.0,80.0,61.0,42.0,30.18,30.13,30.09,10.0,10.0,9.0,22.0,8.0,26.0,0,4.0,,284.0,94107
11/8/2013,70.0,60.0,50.0,53.0,48.0,40.0,100.0,72.0,43.0,30.1,30.05,29.98,10.0,7.0,0.0,24.0,8.0,26.0,0,2.0,Fog,269.0,94107
11/9/2013,66.0,57.0,48.0,53.0,47.0,40.0,80.0,64.0,48.0,30.05,30.01,29.97,10.0,10.0,9.0,12.0,3.0,14.0,0,1.0,,334.0,94107
11/10/2013,64.0,58.0,51.0,51.0,48.0,45.0,83.0,72.0,60.0,30.13,30.09,30.04,10.0,10.0,9.0,13.0,5.0,16.0,0,3.0,,269.0,94107
11/11/2013,62.0,58.0,54.0,51.0,49.0,46.0,83.0,72.0,60.0,30.17,30.13,30.09,10.0,9.0,6.0,12.0,5.0,15.0,0,7.0,,76.0,94107
11/12/2013,70.0,64.0,57.0,53.0,50.0,46.0,77.0,62.0,47.0,30.27,30.23,30.17,10.0,10.0,10.0,18.0,7.0,22.0,T,4.0,,312.0,94107
11/13/2013,68.0,60.0,52.0,55.0,51.0,47.0,93.0,77.0,60.0,30.25,30.18,30.12,10.0,10.0,9.0,23.0,8.0,26.0,0,3.0,Fog,303.0,94107
11/14/2013,61.0,56.0,51.0,52.0,49.0,45.0,96.0,84.0,71.0,30.13,30.03,29.9,10.0,10.0,8.0,29.0,13.0,37.0,0,5.0,,266.0,94107
11/15/2013,65.0,58.0,50.0,46.0,44.0,41.0,83.0,66.0,48.0,29.89,29.82,29.76,10.0,10.0,10.0,35.0,12.0,40.0,0,1.0,,268.0,94107
11/16/2013,62.0,56.0,49.0,50.0,46.0,42.0,83.0,67.0,51.0,29.94,29.86,29.79,10.0,10.0,10.0,26.0,14.0,35.0,0,2.0,,273.0,94107
11/17/2013,63.0,56.0,49.0,49.0,45.0,42.0,89.0,69.0,48.0,30.1,30.03,29.94,10.0,10.0,10.0,13.0,6.0,16.0,0,4.0,,245.0,94107
11/18/2013,60.0,53.0,46.0,46.0,44.0,40.0,82.0,69.0,55.0,30.16,30.12,30.1,10.0,10.0,10.0,15.0,5.0,18.0,0,5.0,,199.0,94107
11/19/2013,61.0,58.0,54.0,55.0,50.0,45.0,93.0,80.0,66.0,30.1,30.03,29.95,10.0,9.0,6.0,14.0,7.0,16.0,0.28,7.0,Rain,131.0,94107
11/20/2013,59.0,55.0,51.0,56.0,53.0,47.0,93.0,90.0,86.0,29.94,29.9,29.85,10.0,9.0,4.0,22.0,7.0,24.0,0.63,7.0,Rain,239.0,94107
11/21/2013,62.0,56.0,50.0,49.0,42.0,32.0,93.0,64.0,35.0,29.99,29.94,29.91,10.0,10.0,9.0,32.0,11.0,39.0,T,5.0,Rain,349.0,94107
11/22/2013,69.0,63.0,57.0,39.0,32.0,25.0,40.0,30.0,19.0,30.03,29.97,29.91,10.0,10.0,10.0,26.0,14.0,32.0,0,1.0,,47.0,94107
11/23/2013,65.0,58.0,50.0,45.0,38.0,31.0,71.0,50.0,28.0,30.11,30.04,29.97,10.0,10.0,10.0,22.0,5.0,32.0,0,0.0,,79.0,94107
11/24/2013,60.0,53.0,45.0,49.0,43.0,39.0,86.0,70.0,53.0,30.26,30.19,30.12,10.0,10.0,10.0,9.0,3.0,10.0,0,0.0,,319.0,94107
11/25/2013,61.0,53.0,44.0,46.0,43.0,38.0,86.0,70.0,53.0,30.33,30.28,30.25,10.0,10.0,9.0,7.0,2.0,10.0,0,1.0,,180.0,94107
11/26/2013,62.0,55.0,47.0,47.0,44.0,39.0,86.0,65.0,43.0,30.27,30.16,30.04,10.0,9.0,6.0,7.0,2.0,8.0,0,5.0,,100.0,94107
11/27/2013,62.0,55.0,48.0,49.0,45.0,41.0,86.0,69.0,52.0,30.03,29.92,29.85,10.0,9.0,7.0,7.0,1.0,7.0,0,5.0,,137.0,94107
11/28/2013,66.0,58.0,49.0,51.0,44.0,37.0,83.0,64.0,44.0,30.08,29.96,29.88,10.0,9.0,7.0,16.0,4.0,18.0,0,3.0,,280.0,94107
11/29/2013,62.0,54.0,46.0,51.0,45.0,38.0,77.0,70.0,63.0,30.22,30.15,30.09,10.0,10.0,9.0,24.0,3.0,28.0,0,0.0,Fog,316.0,94107
11/30/2013,63.0,54.0,45.0,51.0,47.0,41.0,93.0,79.0,65.0,30.28,30.25,30.19,10.0,6.0,0.0,15.0,4.0,20.0,0,3.0,Fog,303.0,94107
12/1/2013,67.0,57.0,46.0,50.0,46.0,41.0,86.0,66.0,46.0,30.35,30.27,30.22,10.0,10.0,9.0,14.0,4.0,16.0,0,1.0,,308.0,94107
12/2/2013,62.0,54.0,46.0,54.0,49.0,44.0,96.0,80.0,64.0,30.22,30.1,29.99,10.0,8.0,0.0,33.0,14.0,38.0,T,5.0,Fog-Rain,277.0,94107
12/3/2013,56.0,51.0,46.0,54.0,38.0,25.0,93.0,69.0,45.0,29.98,29.92,29.87,10.0,10.0,4.0,24.0,14.0,31.0,0,4.0,,285.0,94107
12/4/2013,52.0,46.0,39.0,31.0,26.0,21.0,62.0,46.0,30.0,30.09,30.04,29.96,10.0,10.0,10.0,14.0,5.0,16.0,0,0.0,,309.0,94107
12/5/2013,51.0,43.0,35.0,31.0,24.0,18.0,64.0,45.0,26.0,30.18,30.14,30.09,10.0,10.0,10.0,12.0,4.0,14.0,0,0.0,,196.0,94107
12/6/2013,53.0,45.0,37.0,48.0,37.0,31.0,80.0,65.0,50.0,30.19,30.1,29.94,10.0,10.0,6.0,30.0,9.0,43.0,0.29,6.0,Rain,180.0,94107
12/7/2013,52.0,45.0,38.0,48.0,32.0,24.0,89.0,63.0,36.0,30.25,30.09,29.94,10.0,10.0,3.0,29.0,13.0,36.0,0.06,3.0,Rain,293.0,94107
12/8/2013,47.0,42.0,36.0,31.0,24.0,17.0,70.0,53.0,36.0,30.33,30.28,30.24,10.0,10.0,10.0,22.0,10.0,24.0,0,2.0,,64.0,94107
12/9/2013,52.0,44.0,36.0,31.0,23.0,18.0,70.0,49.0,28.0,30.43,30.37,30.32,10.0,10.0,10.0,20.0,8.0,23.0,0,0.0,,113.0,94107
12/10/2013,52.0,43.0,34.0,35.0,30.0,27.0,70.0,56.0,42.0,30.4,30.3,30.22,10.0,10.0,10.0,10.0,3.0,13.0,0,2.0,,138.0,94107
12/11/2013,57.0,48.0,38.0,36.0,32.0,27.0,85.0,60.0,35.0,30.25,30.21,30.18,10.0,10.0,10.0,14.0,3.0,16.0,0,1.0,,130.0,94107
12/12/2013,54.0,46.0,38.0,44.0,35.0,29.0,86.0,67.0,48.0,30.27,30.23,30.18,10.0,10.0,7.0,16.0,4.0,20.0,0,1.0,,278.0,94107
12/13/2013,53.0,47.0,40.0,45.0,41.0,38.0,89.0,76.0,63.0,30.34,30.28,30.25,10.0,9.0,7.0,12.0,4.0,14.0,0,2.0,,353.0,94107
12/14/2013,61.0,50.0,39.0,42.0,37.0,33.0,85.0,61.0,36.0,30.4,30.35,30.32,10.0,10.0,8.0,9.0,2.0,10.0,0,1.0,,263.0,94107
12/15/2013,60.0,50.0,40.0,44.0,38.0,34.0,76.0,60.0,43.0,30.36,30.3,30.24,10.0,9.0,7.0,10.0,2.0,12.0,0,3.0,,102.0,94107
12/16/2013,65.0,54.0,43.0,44.0,37.0,33.0,77.0,54.0,31.0,30.23,30.18,30.13,10.0,10.0,10.0,10.0,2.0,13.0,0,5.0,,113.0,94107
12/17/2013,59.0,53.0,46.0,46.0,41.0,36.0,77.0,60.0,43.0,30.18,30.11,30.04,9.0,6.0,5.0,7.0,3.0,8.0,0,6.0,,96.0,94107
12/18/2013,57.0,51.0,44.0,46.0,43.0,38.0,77.0,72.0,66.0,30.03,29.91,29.8,10.0,9.0,6.0,35.0,12.0,40.0,0,6.0,,274.0,94107
12/19/2013,59.0,53.0,47.0,43.0,36.0,23.0,77.0,52.0,27.0,29.94,29.83,29.74,10.0,10.0,10.0,36.0,12.0,43.0,0,2.0,,306.0,94107
12/20/2013,60.0,50.0,40.0,43.0,32.0,21.0,71.0,50.0,29.0,30.02,29.98,29.94,10.0,10.0,10.0,15.0,5.0,18.0,0,1.0,,257.0,94107
12/21/2013,60.0,54.0,47.0,47.0,45.0,43.0,86.0,74.0,62.0,30.09,30.03,29.98,10.0,10.0,10.0,17.0,7.0,21.0,0,1.0,,288.0,94107
12/22/2013,65.0,54.0,43.0,47.0,42.0,37.0,89.0,64.0,39.0,30.29,30.21,30.1,10.0,10.0,10.0,9.0,1.0,10.0,0,1.0,,337.0,94107
12/23/2013,60.0,52.0,44.0,45.0,40.0,37.0,80.0,64.0,47.0,30.4,30.35,30.3,10.0,9.0,7.0,8.0,1.0,9.0,0,1.0,,32.0,94107
12/24/2013,59.0,52.0,45.0,47.0,41.0,38.0,76.0,64.0,51.0,30.34,30.27,30.21,10.0,9.0,7.0,8.0,2.0,24.0,0,2.0,,308.0,94107
12/25/2013,63.0,53.0,42.0,44.0,40.0,36.0,76.0,60.0,43.0,30.29,30.25,30.2,10.0,10.0,9.0,6.0,1.0,8.0,0,0.0,,218.0,94107
12/26/2013,62.0,53.0,43.0,46.0,41.0,38.0,83.0,63.0,43.0,30.26,30.22,30.17,10.0,9.0,7.0,7.0,1.0,8.0,0,0.0,,24.0,94107
12/27/2013,57.0,50.0,43.0,45.0,41.0,37.0,76.0,64.0,51.0,30.24,30.19,30.13,10.0,10.0,8.0,8.0,2.0,9.0,0,4.0,,60.0,94107
12/28/2013,63.0,52.0,40.0,45.0,38.0,29.0,85.0,59.0,32.0,30.16,30.1,30.04,10.0,10.0,9.0,10.0,2.0,13.0,0,0.0,,262.0,94107
12/29/2013,68.0,55.0,42.0,37.0,29.0,16.0,71.0,43.0,14.0,30.18,30.13,30.1,10.0,10.0,10.0,13.0,3.0,26.0,0,0.0,,129.0,94107
12/30/2013,59.0,51.0,42.0,46.0,40.0,33.0,86.0,65.0,43.0,30.26,30.22,30.18,10.0,10.0,9.0,13.0,3.0,15.0,0,3.0,,312.0,94107
12/31/2013,59.0,50.0,41.0,45.0,40.0,35.0,93.0,73.0,53.0,30.28,30.22,30.17,10.0,7.0,0.0,13.0,3.0,15.0,0,3.0,Fog,278.0,94107
1/1/2014,56.0,49.0,41.0,45.0,40.0,36.0,83.0,69.0,55.0,30.22,30.17,30.13,10.0,9.0,7.0,9.0,1.0,10.0,0,3.0,,290.0,94107
1/2/2014,62.0,53.0,43.0,45.0,39.0,34.0,80.0,58.0,36.0,30.18,30.11,30.06,10.0,10.0,10.0,6.0,1.0,6.0,0,3.0,,146.0,94107
1/3/2014,64.0,54.0,44.0,46.0,41.0,34.0,80.0,59.0,37.0,30.08,30.02,29.96,10.0,10.0,9.0,14.0,4.0,16.0,0,3.0,,297.0,94107
1/4/2014,66.0,55.0,43.0,46.0,42.0,33.0,93.0,65.0,36.0,30.09,30.02,29.99,10.0,6.0,0.0,15.0,2.0,18.0,0,2.0,Fog,266.0,94107
1/5/2014,66.0,55.0,44.0,38.0,32.0,27.0,65.0,45.0,24.0,30.21,30.16,30.09,10.0,10.0,10.0,14.0,5.0,15.0,0,0.0,,125.0,94107
1/6/2014,60.0,52.0,44.0,45.0,40.0,32.0,71.0,61.0,51.0,30.28,30.21,30.17,10.0,10.0,7.0,9.0,2.0,10.0,0,5.0,,75.0,94107
1/7/2014,61.0,54.0,46.0,52.0,45.0,39.0,86.0,70.0,53.0,30.22,30.18,30.14,10.0,9.0,7.0,15.0,4.0,17.0,T,5.0,Rain,304.0,94107
1/8/2014,59.0,56.0,52.0,51.0,48.0,46.0,86.0,79.0,72.0,30.24,30.2,30.16,10.0,9.0,3.0,20.0,9.0,24.0,0.01,7.0,,281.0,94107
1/9/2014,60.0,56.0,52.0,50.0,47.0,43.0,89.0,73.0,57.0,30.27,30.23,30.2,10.0,10.0,5.0,25.0,12.0,31.0,T,5.0,,287.0,94107
1/10/2014,60.0,54.0,48.0,48.0,46.0,43.0,89.0,75.0,60.0,30.31,30.25,30.19,10.0,9.0,6.0,15.0,6.0,17.0,0,4.0,,310.0,94107
1/11/2014,58.0,52.0,46.0,51.0,46.0,42.0,93.0,83.0,72.0,30.3,30.23,30.16,10.0,10.0,6.0,18.0,6.0,22.0,T,4.0,,281.0,94107
1/12/2014,60.0,53.0,46.0,47.0,42.0,36.0,93.0,70.0,47.0,30.4,30.33,30.27,10.0,10.0,7.0,17.0,7.0,20.0,0,2.0,,313.0,94107
1/13/2014,67.0,55.0,42.0,44.0,37.0,32.0,71.0,50.0,28.0,30.47,30.4,30.35,10.0,10.0,10.0,18.0,3.0,22.0,0,1.0,,88.0,94107
1/14/2014,72.0,58.0,44.0,42.0,37.0,26.0,71.0,45.0,19.0,30.45,30.38,30.32,10.0,10.0,10.0,12.0,2.0,15.0,0,0.0,,134.0,94107
1/15/2014,73.0,61.0,48.0,40.0,34.0,25.0,71.0,44.0,17.0,30.35,30.27,30.2,10.0,10.0,10.0,10.0,3.0,13.0,0,0.0,,131.0,94107
1/16/2014,73.0,60.0,46.0,44.0,35.0,27.0,71.0,45.0,19.0,30.24,30.18,30.13,10.0,10.0,10.0,8.0,2.0,10.0,0,0.0,,125.0,94107
1/17/2014,67.0,56.0,45.0,45.0,39.0,35.0,71.0,53.0,34.0,30.2,30.15,30.11,10.0,9.0,5.0,5.0,1.0,7.0,0,0.0,,128.0,94107
1/18/2014,67.0,55.0,43.0,47.0,39.0,32.0,77.0,57.0,36.0,30.18,30.11,30.06,10.0,9.0,7.0,7.0,1.0,12.0,0,0.0,,128.0,94107
1/19/2014,67.0,55.0,43.0,44.0,38.0,34.0,76.0,54.0,32.0,30.14,30.1,30.06,10.0,10.0,8.0,7.0,2.0,7.0,0,1.0,,110.0,94107
1/20/2014,66.0,55.0,43.0,48.0,41.0,34.0,76.0,60.0,43.0,30.23,30.17,30.12,10.0,9.0,7.0,9.0,2.0,9.0,0,1.0,,354.0,94107
1/21/2014,68.0,56.0,43.0,44.0,37.0,25.0,76.0,48.0,20.0,30.27,30.21,30.16,10.0,10.0,10.0,12.0,2.0,13.0,0,3.0,,258.0,94107
1/22/2014,65.0,55.0,44.0,47.0,41.0,31.0,77.0,64.0,51.0,30.17,30.05,29.93,10.0,10.0,10.0,18.0,5.0,22.0,0,1.0,,304.0,94107
1/23/2014,69.0,57.0,44.0,47.0,38.0,27.0,80.0,51.0,21.0,30.02,29.93,29.88,10.0,9.0,7.0,17.0,5.0,21.0,0,0.0,,61.0,94107
1/24/2014,64.0,55.0,46.0,47.0,41.0,32.0,80.0,56.0,32.0,30.28,30.16,30.03,10.0,8.0,4.0,9.0,3.0,9.0,0,3.0,,5.0,94107
1/25/2014,65.0,57.0,48.0,48.0,43.0,34.0,83.0,60.0,37.0,30.27,30.19,30.13,10.0,9.0,7.0,12.0,2.0,13.0,0,2.0,,281.0,94107
1/26/2014,66.0,57.0,48.0,48.0,43.0,33.0,83.0,65.0,46.0,30.14,30.09,30.03,10.0,10.0,9.0,21.0,6.0,24.0,0,3.0,,317.0,94107
1/27/2014,59.0,54.0,48.0,48.0,46.0,43.0,83.0,73.0,62.0,30.21,30.15,30.08,10.0,10.0,7.0,18.0,6.0,20.0,0,6.0,,301.0,94107
1/28/2014,65.0,59.0,53.0,57.0,53.0,47.0,90.0,81.0,72.0,30.27,30.22,30.2,10.0,10.0,2.0,17.0,5.0,21.0,0,7.0,,290.0,94107
1/29/2014,63.0,59.0,54.0,57.0,54.0,50.0,93.0,89.0,84.0,30.2,30.11,30.0,10.0,10.0,7.0,20.0,8.0,22.0,T,8.0,Rain,282.0,94107
1/30/2014,58.0,55.0,52.0,51.0,48.0,46.0,93.0,80.0,67.0,29.98,29.91,29.88,10.0,10.0,9.0,30.0,14.0,38.0,T,6.0,Rain,267.0,94107
1/31/2014,60.0,54.0,47.0,46.0,42.0,36.0,86.0,63.0,39.0,30.09,30.04,29.92,10.0,10.0,9.0,32.0,12.0,38.0,0,1.0,,285.0,94107
2/1/2014,59.0,51.0,42.0,43.0,39.0,36.0,82.0,63.0,43.0,30.17,30.12,30.08,10.0,10.0,10.0,20.0,6.0,23.0,0,1.0,,270.0,94107
2/2/2014,58.0,53.0,47.0,44.0,42.0,36.0,86.0,74.0,61.0,30.04,29.92,29.85,10.0,8.0,4.0,29.0,12.0,33.0,0.85,7.0,Rain,111.0,94107
2/3/2014,56.0,51.0,46.0,43.0,41.0,39.0,82.0,69.0,55.0,30.09,30.04,29.99,10.0,10.0,10.0,25.0,11.0,32.0,0,3.0,,306.0,94107
2/4/2014,55.0,50.0,44.0,44.0,40.0,36.0,83.0,67.0,50.0,30.17,30.12,30.09,10.0,10.0,10.0,21.0,7.0,23.0,0,4.0,,288.0,94107
2/5/2014,55.0,49.0,43.0,46.0,42.0,38.0,86.0,73.0,59.0,30.21,30.15,30.06,10.0,10.0,10.0,17.0,7.0,24.0,0.09,6.0,Rain,255.0,94107
2/6/2014,52.0,50.0,48.0,52.0,48.0,42.0,100.0,90.0,80.0,30.05,29.96,29.91,10.0,8.0,2.0,20.0,7.0,23.0,0.64,8.0,Rain,100.0,94107
2/7/2014,56.0,54.0,51.0,54.0,51.0,49.0,100.0,92.0,83.0,30.08,30.04,30.0,10.0,9.0,3.0,31.0,11.0,40.0,0.23,8.0,Rain,152.0,94107
2/8/2014,59.0,56.0,53.0,58.0,55.0,49.0,100.0,92.0,83.0,30.15,30.1,30.06,10.0,5.0,2.0,28.0,13.0,37.0,0.42,8.0,Rain,164.0,94107
2/9/2014,59.0,57.0,55.0,58.0,56.0,52.0,100.0,92.0,83.0,30.16,30.12,30.06,10.0,6.0,2.0,21.0,9.0,26.0,0.35,8.0,Rain,174.0,94107
2/10/2014,57.0,54.0,51.0,54.0,52.0,50.0,100.0,93.0,86.0,30.29,30.23,30.14,10.0,9.0,2.0,17.0,10.0,20.0,T,7.0,Rain,274.0,94107
2/11/2014,56.0,53.0,49.0,51.0,49.0,48.0,100.0,92.0,83.0,30.26,30.22,30.18,10.0,10.0,7.0,22.0,9.0,26.0,0,6.0,,287.0,94107
2/12/2014,56.0,51.0,46.0,51.0,48.0,45.0,100.0,92.0,83.0,30.29,30.24,30.2,10.0,7.0,0.0,18.0,6.0,22.0,0,6.0,Fog,278.0,94107
2/13/2014,67.0,59.0,50.0,57.0,53.0,50.0,100.0,87.0,73.0,30.23,30.17,30.11,10.0,6.0,0.0,15.0,8.0,20.0,0,6.0,Fog,288.0,94107
2/14/2014,66.0,61.0,56.0,55.0,54.0,50.0,100.0,80.0,60.0,30.18,30.13,30.06,10.0,8.0,2.0,14.0,5.0,16.0,0,7.0,,293.0,94107
2/15/2014,62.0,57.0,52.0,55.0,52.0,49.0,93.0,83.0,72.0,30.05,30.02,30.0,10.0,10.0,7.0,17.0,5.0,21.0,T,7.0,Rain,174.0,94107
2/16/2014,63.0,57.0,50.0,54.0,47.0,40.0,93.0,68.0,43.0,30.21,30.14,30.06,10.0,10.0,6.0,20.0,8.0,23.0,0.01,3.0,,292.0,94107
2/17/2014,61.0,54.0,46.0,49.0,45.0,42.0,86.0,69.0,51.0,30.19,30.16,30.11,10.0,10.0,10.0,21.0,10.0,25.0,0,3.0,,280.0,94107
2/18/2014,62.0,55.0,48.0,53.0,49.0,45.0,93.0,80.0,67.0,30.2,30.15,30.12,10.0,10.0,5.0,22.0,8.0,25.0,0,5.0,,272.0,94107
2/19/2014,62.0,57.0,51.0,54.0,48.0,43.0,93.0,72.0,51.0,30.22,30.16,30.12,10.0,10.0,10.0,23.0,14.0,26.0,0.01,4.0,,276.0,94107
2/20/2014,67.0,56.0,45.0,47.0,44.0,41.0,86.0,65.0,43.0,30.22,30.17,30.12,10.0,10.0,9.0,18.0,6.0,22.0,0,4.0,,277.0,94107
2/21/2014,69.0,58.0,47.0,51.0,46.0,40.0,86.0,61.0,35.0,30.12,30.06,30.0,10.0,10.0,10.0,22.0,7.0,26.0,0,1.0,,282.0,94107
2/22/2014,66.0,56.0,46.0,52.0,48.0,43.0,93.0,78.0,63.0,30.03,29.99,29.94,10.0,10.0,10.0,23.0,9.0,28.0,0,2.0,,286.0,94107
2/23/2014,63.0,55.0,46.0,52.0,47.0,44.0,93.0,81.0,69.0,30.04,30.0,29.96,10.0,9.0,6.0,23.0,8.0,26.0,0,3.0,,268.0,94107
2/24/2014,71.0,58.0,45.0,53.0,47.0,41.0,89.0,65.0,40.0,30.01,29.96,29.91,10.0,10.0,10.0,17.0,6.0,21.0,0,1.0,,302.0,94107
2/25/2014,62.0,55.0,48.0,53.0,48.0,45.0,89.0,78.0,67.0,29.99,29.95,29.92,10.0,9.0,7.0,20.0,6.0,23.0,0,6.0,,215.0,94107
2/26/2014,60.0,57.0,54.0,56.0,52.0,47.0,93.0,80.0,67.0,29.96,29.84,29.69,10.0,9.0,4.0,31.0,15.0,39.0,0.43,8.0,Rain,147.0,94107
2/27/2014,62.0,58.0,55.0,52.0,51.0,51.0,89.0,81.0,67.0,29.91,29.85,29.78,10.0,10.0,8.0,17.0,15.0,35.0,0.22,8.0,Rain,205.0,94107
2/28/2014,63.0,59.0,55.0,54.0,50.0,43.0,86.0,65.0,43.0,29.5,29.43,29.39,10.0,8.0,1.0,26.0,13.0,33.0,0.74,8.0,rain,208.0,94107
3/1/2014,69.0,62.0,54.0,54.0,48.0,44.0,78.0,63.0,48.0,29.82,29.63,29.47,10.0,10.0,10.0,17.0,10.0,25.0,0.03,7.0,Rain,108.0,94107
3/2/2014,61.0,57.0,53.0,55.0,51.0,47.0,83.0,75.0,67.0,30.17,30.01,29.83,10.0,9.0,2.0,20.0,9.0,26.0,0.02,6.0,Rain,181.0,94107
3/3/2014,61.0,56.0,50.0,52.0,49.0,47.0,89.0,77.0,64.0,30.15,30.11,30.04,10.0,10.0,9.0,18.0,6.0,28.0,0.1,7.0,Rain,135.0,94107
3/4/2014,66.0,61.0,55.0,54.0,52.0,49.0,86.0,77.0,67.0,30.12,30.09,30.06,10.0,10.0,7.0,17.0,5.0,,T,7.0,Rain,16.0,94107
3/5/2014,66.0,60.0,54.0,58.0,54.0,48.0,93.0,73.0,52.0,30.11,30.06,29.99,10.0,8.0,2.0,20.0,6.0,23.0,0.26,8.0,Rain,211.0,94107
3/6/2014,65.0,58.0,51.0,57.0,53.0,48.0,93.0,80.0,67.0,30.2,30.13,30.06,10.0,9.0,4.0,15.0,8.0,20.0,0.01,6.0,Rain,258.0,94107
3/7/2014,66.0,57.0,48.0,50.0,47.0,43.0,89.0,67.0,44.0,30.19,30.15,30.11,10.0,10.0,9.0,14.0,6.0,24.0,0,2.0,,296.0,94107
3/8/2014,72.0,59.0,46.0,51.0,48.0,39.0,93.0,63.0,33.0,30.21,30.16,30.12,10.0,10.0,10.0,17.0,4.0,48.0,0,5.0,Fog,285.0,94107
3/9/2014,71.0,63.0,55.0,54.0,51.0,48.0,80.0,69.0,57.0,30.17,30.13,30.07,10.0,10.0,10.0,13.0,6.0,18.0,T,7.0,Rain,291.0,94107
3/10/2014,68.0,62.0,56.0,55.0,48.0,43.0,86.0,66.0,45.0,30.24,30.17,30.11,10.0,10.0,9.0,20.0,8.0,22.0,T,5.0,Rain,307.0,94107
3/11/2014,74.0,61.0,47.0,40.0,31.0,25.0,61.0,40.0,19.0,30.19,30.1,30.02,10.0,10.0,10.0,30.0,11.0,37.0,0,1.0,,6.0,94107
3/12/2014,78.0,66.0,53.0,34.0,28.0,23.0,36.0,26.0,16.0,30.11,30.05,30.01,10.0,10.0,10.0,32.0,16.0,40.0,0,0.0,,28.0,94107
3/13/2014,73.0,58.0,46.0,49.0,43.0,33.0,80.0,58.0,27.0,30.08,30.03,29.99,10.0,10.0,10.0,17.0,6.0,,0,1.0,,270.0,94107
3/14/2014,67.0,60.0,53.0,52.0,49.0,46.0,83.0,68.0,52.0,30.23,30.15,30.08,10.0,10.0,10.0,13.0,7.0,21.0,0,4.0,,248.0,94107
3/15/2014,77.0,62.0,47.0,52.0,48.0,41.0,93.0,63.0,33.0,30.31,30.27,30.23,10.0,10.0,10.0,14.0,6.0,16.0,0,0.0,Fog,293.0,94107
3/16/2014,72.0,60.0,48.0,52.0,48.0,46.0,89.0,68.0,47.0,30.32,30.27,30.21,10.0,10.0,10.0,21.0,8.0,23.0,0,3.0,Fog,292.0,94107
3/17/2014,69.0,59.0,49.0,49.0,46.0,43.0,77.0,60.0,42.0,30.24,30.11,29.99,10.0,10.0,10.0,22.0,11.0,29.0,T,3.0,,291.0,94107
3/18/2014,70.0,57.0,43.0,45.0,39.0,31.0,86.0,55.0,24.0,29.99,29.95,29.91,10.0,10.0,10.0,17.0,5.0,22.0,0,1.0,,290.0,94107
3/19/2014,73.0,59.0,45.0,48.0,40.0,34.0,77.0,52.0,27.0,30.09,30.04,29.98,10.0,10.0,10.0,14.0,6.0,26.0,0,2.0,,316.0,94107
3/20/2014,70.0,60.0,50.0,51.0,45.0,41.0,77.0,61.0,44.0,30.06,30.02,29.96,10.0,10.0,10.0,18.0,8.0,,0,5.0,,292.0,94107
3/21/2014,63.0,56.0,48.0,47.0,45.0,44.0,86.0,69.0,52.0,30.01,29.98,29.96,10.0,10.0,9.0,20.0,8.0,37.0,0,3.0,,263.0,94107
3/22/2014,65.0,58.0,51.0,47.0,45.0,43.0,83.0,64.0,44.0,30.13,30.06,30.0,10.0,10.0,10.0,16.0,8.0,23.0,0,3.0,,246.0,94107
3/23/2014,65.0,57.0,48.0,48.0,46.0,44.0,83.0,68.0,52.0,30.19,30.14,30.1,10.0,10.0,10.0,15.0,7.0,20.0,0,3.0,,280.0,94107
3/24/2014,72.0,59.0,46.0,50.0,46.0,38.0,86.0,58.0,29.0,30.17,30.1,30.03,10.0,10.0,6.0,18.0,6.0,29.0,0,1.0,,328.0,94107
3/25/2014,63.0,54.0,45.0,55.0,49.0,42.0,87.0,75.0,62.0,30.06,29.97,29.88,10.0,9.0,2.0,18.0,8.0,29.0,0.15,5.0,Rain,253.0,94107
3/26/2014,62.0,58.0,53.0,51.0,48.0,47.0,89.0,77.0,64.0,29.99,29.87,29.82,10.0,8.0,1.0,23.0,12.0,35.0,0.63,7.0,Rain,235.0,94107
3/27/2014,65.0,61.0,56.0,48.0,46.0,43.0,77.0,61.0,44.0,30.14,30.07,29.98,10.0,10.0,7.0,17.0,9.0,25.0,T,6.0,,244.0,94107
3/28/2014,69.0,63.0,56.0,52.0,49.0,46.0,77.0,63.0,49.0,30.21,30.16,30.12,10.0,10.0,7.0,17.0,9.0,30.0,0.01,6.0,Rain,191.0,94107
3/29/2014,60.0,57.0,53.0,55.0,51.0,45.0,93.0,79.0,64.0,30.14,30.07,30.02,10.0,8.0,1.0,24.0,12.0,29.0,0.87,8.0,Rain,200.0,94107
3/30/2014,61.0,56.0,50.0,46.0,44.0,41.0,77.0,64.0,51.0,30.14,30.11,30.06,10.0,10.0,10.0,17.0,10.0,21.0,0,4.0,,277.0,94107
3/31/2014,57.0,53.0,48.0,47.0,44.0,42.0,86.0,76.0,66.0,30.08,29.94,29.85,10.0,8.0,1.0,31.0,13.0,36.0,0.57,6.0,Rain,169.0,94107
4/1/2014,58.0,52.0,46.0,47.0,43.0,41.0,82.0,72.0,61.0,29.95,29.89,29.85,10.0,9.0,2.0,30.0,13.0,36.0,0.69,7.0,Rain,158.0,94107
4/2/2014,61.0,53.0,45.0,45.0,43.0,39.0,89.0,68.0,46.0,30.12,30.03,29.88,10.0,10.0,10.0,21.0,8.0,28.0,T,4.0,Rain,357.0,94107
4/3/2014,62.0,54.0,46.0,46.0,44.0,42.0,86.0,69.0,51.0,30.13,30.1,30.05,10.0,10.0,10.0,16.0,8.0,20.0,0,5.0,,211.0,94107
4/4/2014,61.0,56.0,50.0,49.0,46.0,43.0,86.0,71.0,55.0,30.06,30.02,29.99,10.0,9.0,4.0,22.0,8.0,28.0,0.32,6.0,Rain,292.0,94107
4/5/2014,65.0,56.0,46.0,49.0,46.0,43.0,86.0,71.0,56.0,30.2,30.13,30.06,10.0,10.0,10.0,17.0,7.0,21.0,0,2.0,,292.0,94107
4/6/2014,72.0,61.0,49.0,54.0,50.0,45.0,93.0,71.0,49.0,30.25,30.18,30.11,10.0,10.0,10.0,16.0,5.0,29.0,0,2.0,,275.0,94107
4/7/2014,79.0,65.0,51.0,56.0,52.0,47.0,86.0,62.0,37.0,30.16,30.11,30.06,10.0,10.0,10.0,15.0,6.0,20.0,0,0.0,,291.0,94107
4/8/2014,78.0,67.0,56.0,56.0,53.0,50.0,93.0,70.0,46.0,30.12,30.07,30.03,10.0,10.0,10.0,16.0,6.0,20.0,0,3.0,,299.0,94107
4/9/2014,66.0,59.0,52.0,52.0,49.0,48.0,93.0,75.0,56.0,30.11,30.06,30.0,10.0,10.0,10.0,17.0,8.0,49.0,0,4.0,,295.0,94107
4/10/2014,74.0,63.0,51.0,54.0,50.0,47.0,89.0,71.0,53.0,30.05,29.99,29.9,10.0,10.0,8.0,18.0,7.0,26.0,0,5.0,,302.0,94107
4/11/2014,63.0,58.0,53.0,50.0,49.0,48.0,89.0,75.0,60.0,29.97,29.92,29.87,10.0,10.0,10.0,24.0,9.0,28.0,0,7.0,,298.0,94107
4/12/2014,64.0,59.0,54.0,48.0,47.0,45.0,77.0,69.0,60.0,29.96,29.92,29.88,10.0,10.0,10.0,21.0,11.0,28.0,0,5.0,,262.0,94107
4/13/2014,69.0,61.0,53.0,51.0,48.0,45.0,83.0,69.0,55.0,30.06,30.01,29.96,10.0,10.0,8.0,22.0,9.0,25.0,0,4.0,,262.0,94107
4/14/2014,68.0,59.0,50.0,52.0,49.0,48.0,89.0,73.0,56.0,30.13,30.07,30.03,10.0,9.0,6.0,21.0,8.0,23.0,0,5.0,,283.0,94107
4/15/2014,66.0,59.0,52.0,49.0,48.0,46.0,83.0,70.0,56.0,30.08,30.0,29.92,10.0,10.0,7.0,18.0,8.0,30.0,0,4.0,,275.0,94107
4/16/2014,73.0,62.0,50.0,50.0,49.0,45.0,83.0,64.0,44.0,29.93,29.89,29.83,10.0,9.0,7.0,18.0,8.0,24.0,0,2.0,,257.0,94107
4/17/2014,64.0,58.0,51.0,51.0,49.0,47.0,89.0,75.0,60.0,29.89,29.85,29.81,10.0,10.0,7.0,17.0,7.0,29.0,0,2.0,,262.0,94107
4/18/2014,64.0,58.0,51.0,51.0,48.0,45.0,83.0,70.0,56.0,29.97,29.92,29.88,10.0,10.0,10.0,18.0,8.0,31.0,0,3.0,,263.0,94107
4/19/2014,65.0,59.0,52.0,52.0,48.0,44.0,86.0,69.0,52.0,30.13,30.07,29.97,10.0,10.0,10.0,25.0,12.0,38.0,0,5.0,,262.0,94107
4/20/2014,76.0,63.0,50.0,52.0,48.0,44.0,86.0,60.0,33.0,30.16,30.11,30.07,10.0,10.0,10.0,21.0,6.0,36.0,0,3.0,,269.0,94107
4/21/2014,67.0,59.0,50.0,50.0,46.0,41.0,83.0,63.0,43.0,30.09,30.04,29.99,10.0,10.0,8.0,24.0,9.0,41.0,0,5.0,,275.0,94107
4/22/2014,65.0,59.0,52.0,50.0,42.0,36.0,83.0,60.0,37.0,30.14,30.06,29.98,10.0,10.0,4.0,31.0,19.0,36.0,T,5.0,Rain,287.0,94107
4/23/2014,67.0,56.0,45.0,49.0,41.0,35.0,72.0,56.0,39.0,30.16,30.12,30.09,10.0,10.0,10.0,24.0,9.0,33.0,0,3.0,,299.0,94107
4/24/2014,66.0,59.0,51.0,54.0,51.0,47.0,86.0,71.0,56.0,30.13,30.07,30.0,10.0,10.0,6.0,21.0,9.0,36.0,0.02,5.0,Rain,268.0,94107
4/25/2014,58.0,55.0,52.0,55.0,49.0,43.0,86.0,74.0,61.0,29.99,29.88,29.81,10.0,8.0,2.0,28.0,12.0,35.0,0.57,8.0,Rain,253.0,94107
4/26/2014,63.0,53.0,44.0,44.0,42.0,39.0,86.0,63.0,44.0,30.1,29.99,29.87,10.0,10.0,10.0,25.0,10.0,30.0,0,4.0,,280.0,94107
4/27/2014,64.0,58.0,52.0,49.0,46.0,43.0,66.0,57.0,48.0,30.14,30.09,30.05,10.0,10.0,7.0,24.0,13.0,30.0,T,5.0,Rain,234.0,94107
4/28/2014,71.0,59.0,47.0,49.0,46.0,43.0,93.0,67.0,40.0,30.23,30.19,30.15,10.0,10.0,8.0,20.0,7.0,28.0,0,1.0,,287.0,94107
4/29/2014,83.0,67.0,50.0,56.0,47.0,43.0,80.0,52.0,24.0,30.21,30.14,30.05,10.0,10.0,10.0,13.0,4.0,17.0,0,2.0,,254.0,94107
4/30/2014,89.0,73.0,57.0,56.0,50.0,42.0,80.0,53.0,25.0,30.09,30.05,30.0,10.0,10.0,10.0,13.0,5.0,20.0,0,2.0,,280.0,94107
5/1/2014,85.0,71.0,57.0,54.0,46.0,34.0,72.0,45.0,17.0,30.09,30.07,30.03,10.0,10.0,10.0,20.0,6.0,23.0,0,2.0,,290.0,94107
5/2/2014,72.0,63.0,53.0,56.0,52.0,50.0,93.0,71.0,49.0,30.1,30.06,30.02,10.0,10.0,10.0,21.0,8.0,28.0,0,5.0,Fog,282.0,94107
5/3/2014,67.0,61.0,54.0,52.0,50.0,48.0,86.0,69.0,52.0,30.06,30.04,30.0,10.0,10.0,10.0,29.0,16.0,,0,6.0,,262.0,94107
5/4/2014,68.0,63.0,57.0,51.0,51.0,49.0,80.0,66.0,52.0,30.07,30.04,30.02,10.0,10.0,10.0,22.0,15.0,25.0,0,5.0,,270.0,94107
5/5/2014,67.0,61.0,55.0,51.0,47.0,43.0,80.0,64.0,48.0,30.06,30.02,29.96,10.0,10.0,10.0,30.0,17.0,36.0,0,4.0,,276.0,94107
5/6/2014,69.0,61.0,52.0,49.0,45.0,41.0,72.0,58.0,44.0,29.95,29.92,29.88,10.0,10.0,10.0,25.0,11.0,32.0,0,1.0,,275.0,94107
5/7/2014,64.0,58.0,51.0,48.0,46.0,43.0,83.0,64.0,44.0,30.01,29.95,29.89,10.0,10.0,10.0,23.0,12.0,93.0,0,4.0,,218.0,94107
5/8/2014,65.0,60.0,54.0,56.0,50.0,45.0,84.0,73.0,62.0,30.1,30.06,30.01,10.0,10.0,6.0,18.0,10.0,23.0,T,7.0,Rain,246.0,94107
5/9/2014,69.0,62.0,55.0,54.0,50.0,44.0,86.0,64.0,42.0,30.17,30.13,30.1,10.0,10.0,7.0,29.0,16.0,35.0,T,5.0,,272.0,94107
5/10/2014,70.0,61.0,51.0,46.0,44.0,38.0,72.0,53.0,34.0,30.14,30.09,30.03,10.0,10.0,10.0,26.0,12.0,30.0,0,2.0,,289.0,94107
5/11/2014,77.0,65.0,53.0,48.0,41.0,32.0,67.0,45.0,23.0,30.1,30.07,30.02,10.0,10.0,10.0,25.0,10.0,32.0,0,1.0,,303.0,94107
5/12/2014,82.0,66.0,50.0,52.0,46.0,38.0,77.0,50.0,23.0,30.12,30.08,30.04,10.0,10.0,10.0,15.0,6.0,31.0,0,2.0,,299.0,94107
5/13/2014,91.0,74.0,56.0,51.0,44.0,35.0,67.0,43.0,19.0,30.13,30.1,30.07,10.0,10.0,10.0,15.0,5.0,21.0,0,1.0,,283.0,94107
5/14/2014,90.0,75.0,59.0,53.0,46.0,38.0,67.0,43.0,18.0,30.13,30.09,30.04,10.0,10.0,10.0,15.0,6.0,17.0,0,2.0,,291.0,94107
5/15/2014,83.0,70.0,57.0,50.0,47.0,41.0,69.0,47.0,25.0,30.1,30.08,30.05,10.0,10.0,10.0,20.0,6.0,21.0,0,3.0,,280.0,94107
5/16/2014,70.0,63.0,55.0,52.0,51.0,49.0,83.0,65.0,47.0,30.1,30.06,30.0,10.0,10.0,10.0,22.0,12.0,25.0,0,5.0,,266.0,94107
5/17/2014,67.0,61.0,55.0,52.0,51.0,50.0,86.0,71.0,56.0,30.03,30.0,29.97,10.0,10.0,10.0,22.0,13.0,29.0,0,6.0,,261.0,94107
5/18/2014,70.0,63.0,56.0,54.0,50.0,46.0,80.0,64.0,47.0,30.0,29.98,29.95,10.0,10.0,10.0,29.0,16.0,33.0,0,3.0,,276.0,94107
5/19/2014,68.0,62.0,56.0,51.0,49.0,48.0,77.0,65.0,52.0,29.98,29.96,29.93,10.0,10.0,10.0,28.0,16.0,32.0,0,5.0,,273.0,94107
5/20/2014,70.0,63.0,55.0,52.0,49.0,47.0,80.0,64.0,47.0,30.01,29.98,29.94,10.0,10.0,10.0,22.0,11.0,25.0,0,5.0,,262.0,94107
5/21/2014,70.0,63.0,55.0,52.0,50.0,48.0,83.0,68.0,53.0,29.99,29.97,29.93,10.0,10.0,9.0,22.0,11.0,24.0,0,5.0,,247.0,94107
5/22/2014,69.0,62.0,54.0,52.0,50.0,48.0,89.0,72.0,55.0,30.05,29.98,29.94,10.0,10.0,10.0,18.0,11.0,22.0,0,6.0,,275.0,94107
5/23/2014,68.0,61.0,54.0,52.0,51.0,48.0,86.0,72.0,58.0,30.05,30.01,29.96,10.0,10.0,10.0,22.0,10.0,28.0,0,6.0,,272.0,94107
5/24/2014,67.0,61.0,55.0,52.0,51.0,48.0,86.0,71.0,56.0,30.02,29.99,29.95,10.0,10.0,10.0,20.0,10.0,26.0,0,3.0,,265.0,94107
5/25/2014,73.0,65.0,56.0,52.0,49.0,48.0,77.0,61.0,44.0,30.0,29.96,29.92,10.0,10.0,10.0,17.0,8.0,20.0,0,1.0,,242.0,94107
5/26/2014,73.0,62.0,51.0,54.0,51.0,47.0,89.0,71.0,53.0,30.03,30.0,29.96,10.0,10.0,9.0,20.0,8.0,23.0,T,0.0,,258.0,94107
5/27/2014,68.0,61.0,54.0,49.0,48.0,45.0,83.0,64.0,45.0,30.07,30.03,29.99,10.0,10.0,10.0,18.0,8.0,24.0,0,1.0,,264.0,94107
5/28/2014,74.0,62.0,49.0,50.0,45.0,36.0,83.0,57.0,30.0,30.07,30.02,29.96,10.0,10.0,10.0,22.0,9.0,26.0,0,0.0,,287.0,94107
5/29/2014,77.0,64.0,51.0,53.0,47.0,40.0,83.0,55.0,27.0,29.96,29.94,29.91,10.0,10.0,10.0,20.0,8.0,23.0,0,1.0,,267.0,94107
5/30/2014,64.0,59.0,53.0,49.0,48.0,47.0,83.0,70.0,56.0,29.99,29.96,29.92,10.0,10.0,9.0,20.0,12.0,24.0,0,6.0,,262.0,94107
5/31/2014,69.0,61.0,53.0,52.0,49.0,48.0,89.0,71.0,53.0,29.98,29.96,29.92,10.0,10.0,10.0,18.0,10.0,22.0,T,4.0,,256.0,94107
6/1/2014,72.0,62.0,51.0,52.0,50.0,48.0,93.0,71.0,49.0,29.94,29.89,29.81,10.0,9.0,5.0,17.0,9.0,32.0,0,3.0,,305.0,94107
6/2/2014,67.0,60.0,52.0,51.0,49.0,48.0,89.0,73.0,56.0,29.92,29.89,29.84,10.0,10.0,10.0,23.0,11.0,44.0,0,6.0,,259.0,94107
6/3/2014,67.0,60.0,52.0,50.0,49.0,48.0,83.0,68.0,52.0,29.96,29.92,29.88,10.0,10.0,10.0,20.0,11.0,,0,4.0,,278.0,94107
6/4/2014,70.0,61.0,52.0,52.0,51.0,48.0,89.0,71.0,53.0,29.92,29.89,29.84,10.0,10.0,6.0,20.0,8.0,21.0,0,4.0,,288.0,94107
6/5/2014,67.0,60.0,52.0,52.0,51.0,48.0,89.0,74.0,58.0,29.88,29.85,29.81,10.0,9.0,6.0,21.0,11.0,25.0,0,3.0,,314.0,94107
6/6/2014,68.0,61.0,53.0,52.0,51.0,50.0,89.0,74.0,58.0,29.86,29.83,29.81,10.0,10.0,8.0,21.0,10.0,24.0,0,3.0,,320.0,94107
6/7/2014,70.0,63.0,56.0,53.0,51.0,50.0,86.0,71.0,55.0,29.86,29.83,29.79,10.0,9.0,7.0,18.0,8.0,23.0,0,3.0,,297.0,94107
6/8/2014,86.0,70.0,53.0,56.0,53.0,49.0,89.0,61.0,32.0,29.83,29.78,29.72,10.0,9.0,7.0,18.0,7.0,23.0,0,0.0,,304.0,94107
6/9/2014,78.0,68.0,58.0,56.0,54.0,53.0,80.0,67.0,53.0,29.76,29.73,29.7,10.0,9.0,7.0,22.0,10.0,25.0,0,1.0,,305.0,94107
6/10/2014,68.0,63.0,57.0,55.0,54.0,52.0,86.0,73.0,59.0,29.84,29.78,29.73,10.0,10.0,9.0,23.0,10.0,28.0,0,4.0,,318.0,94107
6/11/2014,70.0,64.0,58.0,55.0,53.0,51.0,78.0,66.0,53.0,29.92,29.86,29.82,10.0,10.0,10.0,23.0,12.0,31.0,0,5.0,,258.0,94107
6/12/2014,66.0,61.0,55.0,52.0,49.0,48.0,80.0,68.0,56.0,30.01,29.96,29.91,10.0,10.0,10.0,21.0,14.0,25.0,0,5.0,,257.0,94107
6/13/2014,72.0,64.0,55.0,53.0,51.0,48.0,83.0,65.0,47.0,29.99,29.96,29.93,10.0,10.0,10.0,17.0,8.0,23.0,0,2.0,,238.0,94107
6/14/2014,80.0,67.0,53.0,54.0,50.0,48.0,89.0,63.0,36.0,29.95,29.9,29.85,10.0,10.0,10.0,23.0,9.0,25.0,0,2.0,,282.0,94107
6/15/2014,68.0,61.0,54.0,52.0,50.0,48.0,80.0,66.0,52.0,29.86,29.83,29.81,10.0,10.0,8.0,24.0,13.0,26.0,0,5.0,,248.0,94107
6/16/2014,65.0,61.0,56.0,50.0,48.0,46.0,83.0,70.0,56.0,29.94,29.9,29.85,10.0,10.0,10.0,22.0,14.0,26.0,0,5.0,,248.0,94107
6/17/2014,73.0,62.0,50.0,50.0,47.0,43.0,77.0,56.0,35.0,29.97,29.93,29.9,10.0,10.0,10.0,21.0,7.0,23.0,0,1.0,,246.0,94107
6/18/2014,82.0,68.0,53.0,52.0,49.0,46.0,77.0,53.0,28.0,29.96,29.94,29.91,10.0,10.0,10.0,21.0,7.0,23.0,0,0.0,,280.0,94107
6/19/2014,70.0,61.0,52.0,52.0,50.0,48.0,86.0,70.0,53.0,30.01,29.98,29.95,10.0,10.0,9.0,22.0,9.0,32.0,0,2.0,,302.0,94107
6/20/2014,74.0,64.0,54.0,54.0,52.0,49.0,86.0,66.0,46.0,30.0,29.97,29.94,10.0,10.0,10.0,22.0,10.0,24.0,0,4.0,,250.0,94107
6/21/2014,65.0,59.0,53.0,50.0,49.0,48.0,83.0,70.0,56.0,29.95,29.93,29.91,10.0,10.0,10.0,20.0,8.0,23.0,0,5.0,,276.0,94107
6/22/2014,66.0,60.0,54.0,50.0,49.0,48.0,77.0,67.0,56.0,29.97,29.94,29.9,10.0,10.0,10.0,25.0,12.0,30.0,0,4.0,,249.0,94107
6/23/2014,70.0,63.0,55.0,52.0,50.0,47.0,83.0,67.0,51.0,29.97,29.95,29.93,10.0,10.0,10.0,20.0,9.0,29.0,0,5.0,,252.0,94107
6/24/2014,70.0,62.0,54.0,55.0,52.0,48.0,83.0,71.0,58.0,30.02,29.98,29.96,10.0,10.0,10.0,21.0,10.0,26.0,0,3.0,,269.0,94107
6/25/2014,68.0,63.0,57.0,58.0,55.0,53.0,90.0,79.0,68.0,30.02,29.99,29.97,10.0,10.0,8.0,21.0,13.0,33.0,T,7.0,,263.0,94107
6/26/2014,70.0,65.0,59.0,57.0,55.0,53.0,90.0,74.0,57.0,30.01,29.99,29.97,10.0,10.0,7.0,18.0,12.0,32.0,T,5.0,Rain,261.0,94107
6/27/2014,71.0,64.0,57.0,59.0,56.0,53.0,86.0,76.0,66.0,30.01,29.98,29.94,10.0,10.0,10.0,21.0,9.0,29.0,0,5.0,,261.0,94107
6/28/2014,72.0,65.0,57.0,55.0,54.0,52.0,87.0,72.0,57.0,29.98,29.95,29.91,10.0,10.0,10.0,20.0,9.0,25.0,0,3.0,,253.0,94107
6/29/2014,80.0,67.0,54.0,55.0,52.0,50.0,87.0,62.0,37.0,29.95,29.9,29.83,10.0,10.0,10.0,18.0,8.0,22.0,0,0.0,,276.0,94107
6/30/2014,82.0,70.0,57.0,57.0,54.0,52.0,84.0,63.0,42.0,29.84,29.82,29.79,10.0,10.0,8.0,20.0,9.0,35.0,0,3.0,,304.0,94107
7/1/2014,72.0,64.0,56.0,55.0,54.0,53.0,93.0,73.0,53.0,29.87,29.83,29.8,10.0,10.0,10.0,21.0,10.0,29.0,0,5.0,,316.0,94107
7/2/2014,70.0,64.0,57.0,55.0,54.0,53.0,86.0,72.0,57.0,29.92,29.88,29.85,10.0,10.0,10.0,21.0,11.0,23.0,0,6.0,,265.0,94107
7/3/2014,69.0,62.0,54.0,54.0,52.0,52.0,86.0,71.0,55.0,29.96,29.92,29.9,10.0,10.0,10.0,18.0,10.0,25.0,0,3.0,,264.0,94107
7/4/2014,67.0,61.0,54.0,54.0,52.0,51.0,93.0,76.0,58.0,30.02,29.97,29.91,10.0,10.0,9.0,21.0,9.0,24.0,0,4.0,,320.0,94107
7/5/2014,72.0,63.0,53.0,54.0,53.0,51.0,93.0,73.0,53.0,30.09,30.04,30.02,10.0,10.0,10.0,18.0,7.0,32.0,0,3.0,,299.0,94107
7/6/2014,70.0,62.0,53.0,53.0,52.0,51.0,93.0,73.0,53.0,30.07,30.01,29.95,10.0,10.0,10.0,21.0,10.0,25.0,0,3.0,,296.0,94107
7/7/2014,70.0,62.0,54.0,55.0,54.0,52.0,93.0,76.0,59.0,29.94,29.9,29.85,10.0,10.0,10.0,23.0,9.0,35.0,0,7.0,,314.0,94107
7/8/2014,68.0,63.0,57.0,55.0,54.0,54.0,93.0,78.0,63.0,29.93,29.91,29.86,10.0,10.0,10.0,18.0,9.0,28.0,0,5.0,,311.0,94107
7/9/2014,71.0,64.0,57.0,56.0,55.0,54.0,93.0,77.0,61.0,29.96,29.91,29.87,10.0,10.0,10.0,20.0,8.0,23.0,0,4.0,,314.0,94107
7/10/2014,73.0,67.0,60.0,56.0,55.0,54.0,84.0,71.0,57.0,29.95,29.92,29.88,10.0,10.0,10.0,18.0,9.0,22.0,0,4.0,,270.0,94107
7/11/2014,72.0,67.0,61.0,56.0,54.0,52.0,84.0,69.0,53.0,30.08,30.01,29.94,10.0,10.0,10.0,22.0,13.0,25.0,0,5.0,,262.0,94107
7/12/2014,70.0,64.0,58.0,55.0,54.0,53.0,80.0,69.0,57.0,30.1,30.07,30.04,10.0,10.0,6.0,23.0,12.0,25.0,T,5.0,,273.0,94107
7/13/2014,71.0,65.0,58.0,56.0,54.0,53.0,86.0,74.0,61.0,30.05,29.99,29.89,10.0,9.0,6.0,16.0,8.0,21.0,T,6.0,,280.0,94107
7/14/2014,76.0,67.0,57.0,58.0,55.0,52.0,87.0,70.0,53.0,29.94,29.9,29.86,10.0,10.0,9.0,24.0,9.0,30.0,0,3.0,,310.0,94107
7/15/2014,77.0,68.0,59.0,61.0,58.0,55.0,90.0,73.0,56.0,30.01,29.97,29.92,10.0,10.0,10.0,20.0,11.0,23.0,0,6.0,,321.0,94107
7/16/2014,74.0,68.0,62.0,59.0,57.0,56.0,90.0,74.0,57.0,30.04,30.0,29.98,10.0,10.0,10.0,23.0,14.0,28.0,0,6.0,,285.0,94107
7/17/2014,73.0,68.0,63.0,57.0,56.0,55.0,78.0,68.0,57.0,30.02,29.99,29.97,10.0,10.0,10.0,21.0,13.0,24.0,0,4.0,,275.0,94107
7/18/2014,71.0,67.0,63.0,57.0,56.0,55.0,84.0,73.0,61.0,30.03,29.99,29.95,10.0,10.0,10.0,20.0,12.0,23.0,0,6.0,,276.0,94107
7/19/2014,72.0,67.0,62.0,58.0,56.0,55.0,84.0,71.0,57.0,29.97,29.96,29.94,10.0,10.0,10.0,20.0,10.0,24.0,0,6.0,,293.0,94107
7/20/2014,73.0,68.0,62.0,59.0,58.0,57.0,84.0,73.0,61.0,30.0,29.97,29.93,10.0,10.0,10.0,20.0,11.0,25.0,0,6.0,,297.0,94107
7/21/2014,74.0,69.0,63.0,60.0,58.0,56.0,78.0,68.0,57.0,30.07,30.03,29.98,10.0,10.0,10.0,20.0,11.0,22.0,0,5.0,,293.0,94107
7/22/2014,76.0,70.0,63.0,58.0,57.0,55.0,78.0,64.0,50.0,30.12,30.07,30.04,10.0,10.0,10.0,21.0,10.0,30.0,0.01,5.0,Rain,276.0,94107
7/23/2014,76.0,70.0,63.0,60.0,58.0,56.0,78.0,68.0,57.0,30.15,30.1,30.05,10.0,10.0,10.0,20.0,9.0,23.0,0,4.0,,266.0,94107
7/24/2014,83.0,73.0,62.0,59.0,57.0,54.0,84.0,63.0,42.0,30.05,29.96,29.85,10.0,10.0,10.0,17.0,7.0,20.0,0,2.0,,284.0,94107
7/25/2014,90.0,75.0,60.0,59.0,56.0,45.0,84.0,53.0,22.0,29.89,29.86,29.83,10.0,10.0,8.0,18.0,8.0,22.0,0,0.0,,293.0,94107
7/26/2014,77.0,69.0,61.0,58.0,56.0,55.0,78.0,66.0,53.0,29.96,29.92,29.88,10.0,10.0,9.0,21.0,11.0,23.0,0,2.0,,310.0,94107
7/27/2014,78.0,70.0,61.0,58.0,57.0,56.0,84.0,67.0,50.0,30.0,29.96,29.93,10.0,10.0,9.0,23.0,11.0,25.0,0,4.0,,307.0,94107
7/28/2014,72.0,67.0,61.0,57.0,56.0,55.0,84.0,71.0,57.0,30.06,30.03,29.99,10.0,10.0,10.0,21.0,10.0,24.0,0,6.0,,316.0,94107
7/29/2014,76.0,68.0,60.0,58.0,56.0,55.0,84.0,67.0,50.0,30.06,30.03,29.99,10.0,10.0,10.0,20.0,11.0,22.0,0,2.0,,303.0,94107
7/30/2014,73.0,66.0,59.0,57.0,56.0,55.0,84.0,71.0,57.0,30.02,29.99,29.95,10.0,10.0,10.0,21.0,11.0,24.0,0,4.0,,305.0,94107
7/31/2014,71.0,65.0,59.0,57.0,56.0,55.0,87.0,72.0,57.0,30.0,29.95,29.89,10.0,10.0,9.0,17.0,9.0,22.0,0,5.0,,307.0,94107
8/1/2014,72.0,65.0,58.0,59.0,56.0,54.0,90.0,74.0,57.0,29.94,29.91,29.88,10.0,9.0,7.0,18.0,9.0,22.0,0,3.0,,305.0,94107
8/2/2014,68.0,64.0,60.0,56.0,55.0,54.0,84.0,76.0,67.0,29.97,29.94,29.91,10.0,10.0,9.0,18.0,10.0,23.0,0,6.0,,293.0,94107
8/3/2014,69.0,65.0,61.0,56.0,55.0,54.0,84.0,72.0,59.0,29.98,29.95,29.93,10.0,10.0,10.0,18.0,11.0,29.0,0,7.0,,274.0,94107
8/4/2014,73.0,67.0,61.0,56.0,55.0,54.0,84.0,71.0,57.0,30.01,29.98,29.94,10.0,10.0,10.0,17.0,10.0,21.0,0,7.0,,281.0,94107
8/5/2014,74.0,68.0,62.0,59.0,57.0,55.0,84.0,71.0,57.0,30.08,30.03,30.01,10.0,10.0,10.0,20.0,7.0,26.0,T,7.0,,294.0,94107
8/6/2014,78.0,69.0,60.0,61.0,59.0,55.0,87.0,71.0,54.0,30.03,30.0,29.96,10.0,10.0,10.0,20.0,8.0,36.0,T,6.0,Rain,299.0,94107
8/7/2014,69.0,65.0,60.0,56.0,55.0,54.0,84.0,73.0,61.0,29.99,29.96,29.92,10.0,10.0,8.0,18.0,7.0,29.0,0,5.0,,291.0,94107
8/8/2014,73.0,66.0,58.0,55.0,54.0,52.0,84.0,69.0,53.0,29.94,29.92,29.88,10.0,9.0,7.0,20.0,11.0,28.0,0,3.0,,274.0,94107
8/9/2014,67.0,63.0,59.0,55.0,54.0,53.0,80.0,74.0,67.0,30.0,29.96,29.91,10.0,10.0,9.0,21.0,12.0,31.0,T,6.0,,255.0,94107
8/10/2014,73.0,67.0,60.0,56.0,55.0,54.0,84.0,71.0,57.0,30.02,29.98,29.94,10.0,10.0,10.0,22.0,9.0,36.0,T,6.0,,262.0,94107
8/11/2014,73.0,67.0,61.0,57.0,56.0,55.0,84.0,69.0,53.0,29.97,29.94,29.9,10.0,10.0,10.0,18.0,9.0,22.0,0,4.0,,305.0,94107
8/12/2014,74.0,68.0,61.0,56.0,55.0,53.0,78.0,66.0,53.0,30.0,29.96,29.93,10.0,10.0,10.0,20.0,10.0,31.0,0,6.0,,275.0,94107
8/13/2014,75.0,68.0,60.0,57.0,55.0,54.0,84.0,69.0,53.0,30.02,29.97,29.94,10.0,10.0,10.0,21.0,9.0,24.0,0,5.0,,276.0,94107
8/14/2014,73.0,66.0,59.0,57.0,56.0,55.0,84.0,71.0,57.0,29.98,29.95,29.9,10.0,10.0,10.0,20.0,9.0,26.0,0,5.0,,315.0,94107
8/15/2014,74.0,66.0,58.0,57.0,56.0,54.0,87.0,70.0,53.0,30.02,29.98,29.95,10.0,10.0,8.0,18.0,9.0,39.0,0,4.0,,323.0,94107
8/16/2014,73.0,67.0,60.0,57.0,56.0,55.0,84.0,73.0,61.0,30.06,30.01,29.97,10.0,10.0,10.0,20.0,9.0,23.0,0,4.0,,305.0,94107
8/17/2014,72.0,65.0,58.0,57.0,55.0,54.0,84.0,73.0,61.0,30.05,30.0,29.93,10.0,10.0,10.0,21.0,10.0,24.0,0,5.0,,293.0,94107
8/18/2014,68.0,64.0,60.0,57.0,55.0,55.0,84.0,76.0,68.0,29.93,29.88,29.84,10.0,10.0,9.0,22.0,11.0,28.0,T,7.0,,271.0,94107
8/19/2014,74.0,67.0,60.0,57.0,56.0,55.0,84.0,71.0,57.0,29.88,29.85,29.81,10.0,10.0,9.0,21.0,10.0,23.0,T,5.0,Rain,266.0,94107
8/20/2014,73.0,68.0,62.0,57.0,56.0,55.0,84.0,71.0,57.0,29.94,29.9,29.86,10.0,10.0,10.0,18.0,10.0,28.0,0,5.0,,263.0,94107
8/21/2014,75.0,68.0,61.0,59.0,57.0,56.0,84.0,71.0,57.0,29.97,29.94,29.91,10.0,10.0,10.0,20.0,8.0,23.0,0,4.0,,298.0,94107
8/22/2014,75.0,69.0,62.0,59.0,57.0,55.0,90.0,74.0,57.0,29.95,29.93,29.91,10.0,10.0,10.0,21.0,8.0,28.0,0,5.0,,273.0,94107
8/23/2014,75.0,68.0,60.0,56.0,55.0,53.0,78.0,64.0,49.0,29.97,29.91,29.86,10.0,10.0,10.0,16.0,9.0,20.0,0,3.0,,269.0,94107
8/24/2014,74.0,67.0,59.0,56.0,55.0,54.0,84.0,69.0,53.0,29.92,29.87,29.82,10.0,10.0,10.0,21.0,11.0,23.0,0,4.0,,291.0,94107
8/25/2014,72.0,68.0,63.0,56.0,55.0,54.0,73.0,63.0,53.0,29.96,29.89,29.85,10.0,10.0,10.0,18.0,11.0,24.0,0,5.0,,265.0,94107
8/26/2014,75.0,69.0,62.0,57.0,55.0,53.0,78.0,64.0,49.0,30.03,29.99,29.95,10.0,10.0,10.0,18.0,9.0,23.0,0,2.0,,284.0,94107
8/27/2014,77.0,68.0,59.0,59.0,57.0,55.0,84.0,69.0,54.0,30.07,30.04,30.0,10.0,10.0,8.0,21.0,9.0,22.0,0,1.0,,302.0,94107
8/28/2014,75.0,68.0,60.0,59.0,57.0,55.0,90.0,74.0,57.0,30.08,30.03,29.94,10.0,10.0,10.0,20.0,9.0,22.0,0,4.0,,296.0,94107
8/29/2014,72.0,67.0,61.0,58.0,57.0,55.0,84.0,75.0,66.0,29.98,29.94,29.9,10.0,10.0,10.0,21.0,7.0,24.0,T,7.0,,272.0,94107
8/30/2014,77.0,68.0,59.0,60.0,58.0,56.0,87.0,71.0,54.0,29.93,29.9,29.87,10.0,10.0,10.0,18.0,8.0,21.0,0,3.0,Fog,267.0,94107
8/31/2014,76.0,69.0,61.0,59.0,57.0,54.0,84.0,69.0,54.0,29.95,29.9,29.85,10.0,10.0,10.0,17.0,8.0,28.0,0,3.0,,279.0,94107
9/1/2014,83.0,70.0,57.0,58.0,56.0,52.0,86.0,64.0,42.0,29.86,29.82,29.76,10.0,10.0,8.0,16.0,7.0,20.0,0,0.0,,290.0,94107
9/2/2014,72.0,66.0,60.0,58.0,57.0,55.0,84.0,73.0,61.0,29.87,29.82,29.79,10.0,10.0,7.0,21.0,8.0,,0,5.0,,290.0,94107
9/3/2014,76.0,69.0,61.0,57.0,56.0,55.0,84.0,69.0,53.0,29.81,29.76,29.72,10.0,10.0,10.0,21.0,8.0,24.0,0,4.0,,276.0,94107
9/4/2014,74.0,68.0,61.0,57.0,57.0,56.0,84.0,71.0,57.0,29.81,29.76,29.72,10.0,10.0,8.0,22.0,8.0,25.0,0,5.0,,301.0,94107
9/5/2014,72.0,66.0,60.0,57.0,56.0,54.0,84.0,71.0,57.0,29.92,29.87,29.81,10.0,9.0,7.0,18.0,8.0,32.0,0,4.0,,309.0,94107
9/6/2014,72.0,66.0,60.0,55.0,54.0,52.0,84.0,69.0,53.0,29.98,29.93,29.89,10.0,9.0,7.0,17.0,9.0,30.0,0,4.0,,290.0,94107
9/7/2014,72.0,66.0,60.0,54.0,53.0,45.0,78.0,66.0,53.0,29.92,29.87,29.82,10.0,10.0,10.0,18.0,10.0,28.0,0,3.0,,293.0,94107
9/8/2014,68.0,64.0,59.0,52.0,51.0,50.0,72.0,64.0,55.0,29.96,29.9,29.86,10.0,10.0,10.0,18.0,12.0,22.0,0,4.0,,272.0,94107
9/9/2014,72.0,65.0,57.0,56.0,53.0,52.0,87.0,72.0,57.0,30.01,29.96,29.91,10.0,10.0,10.0,17.0,7.0,21.0,0,5.0,,270.0,94107
9/10/2014,82.0,68.0,54.0,59.0,56.0,51.0,93.0,66.0,39.0,29.96,29.9,29.83,10.0,9.0,5.0,16.0,5.0,20.0,0,1.0,,283.0,94107
9/11/2014,83.0,70.0,57.0,59.0,57.0,50.0,90.0,62.0,33.0,29.91,29.87,29.82,10.0,8.0,2.0,20.0,7.0,22.0,0,2.0,,312.0,94107
9/12/2014,77.0,67.0,57.0,59.0,56.0,54.0,87.0,69.0,50.0,29.91,29.85,29.8,10.0,9.0,6.0,15.0,8.0,23.0,0,1.0,,299.0,94107
9/13/2014,75.0,67.0,59.0,59.0,57.0,55.0,84.0,71.0,57.0,29.87,29.83,29.78,10.0,10.0,9.0,22.0,8.0,33.0,0,4.0,,306.0,94107
9/14/2014,74.0,67.0,60.0,57.0,56.0,55.0,84.0,69.0,53.0,29.87,29.84,29.81,10.0,10.0,9.0,18.0,8.0,28.0,0,2.0,,295.0,94107
9/15/2014,77.0,70.0,62.0,58.0,56.0,53.0,84.0,64.0,43.0,29.94,29.9,29.85,10.0,10.0,10.0,18.0,9.0,49.0,0,3.0,,281.0,94107
9/16/2014,78.0,68.0,58.0,60.0,57.0,54.0,87.0,67.0,47.0,29.95,29.89,29.81,10.0,10.0,8.0,18.0,7.0,21.0,0,4.0,,276.0,94107
9/17/2014,77.0,69.0,61.0,64.0,58.0,55.0,84.0,67.0,50.0,29.83,29.8,29.75,10.0,10.0,9.0,21.0,9.0,29.0,T,5.0,Rain,267.0,94107
9/18/2014,78.0,70.0,61.0,65.0,62.0,58.0,87.0,71.0,54.0,29.9,29.84,29.78,10.0,10.0,6.0,20.0,9.0,29.0,T,5.0,Rain,242.0,94107
9/19/2014,73.0,66.0,59.0,61.0,60.0,59.0,93.0,79.0,64.0,29.93,29.9,29.86,10.0,10.0,8.0,23.0,7.0,31.0,0,5.0,,295.0,94107
9/20/2014,71.0,67.0,63.0,60.0,59.0,57.0,90.0,79.0,68.0,29.95,29.92,29.89,10.0,10.0,10.0,20.0,9.0,23.0,0,6.0,,296.0,94107
9/21/2014,69.0,67.0,64.0,59.0,58.0,57.0,78.0,72.0,66.0,30.02,29.99,29.94,10.0,10.0,10.0,22.0,11.0,28.0,0,8.0,,269.0,94107
9/22/2014,75.0,69.0,63.0,58.0,57.0,55.0,78.0,66.0,53.0,30.04,30.0,29.96,10.0,10.0,10.0,18.0,9.0,21.0,0,4.0,,277.0,94107
9/23/2014,75.0,69.0,63.0,63.0,59.0,57.0,87.0,76.0,64.0,30.02,29.97,29.93,10.0,10.0,7.0,18.0,8.0,23.0,T,5.0,Rain,276.0,94107
9/24/2014,77.0,71.0,65.0,63.0,62.0,60.0,87.0,74.0,60.0,29.97,29.94,29.89,10.0,9.0,5.0,20.0,9.0,26.0,0.01,6.0,Rain,267.0,94107
9/25/2014,72.0,65.0,58.0,59.0,57.0,56.0,100.0,79.0,57.0,30.02,29.96,29.91,10.0,8.0,2.0,21.0,6.0,24.0,0.43,6.0,Rain,288.0,94107
9/26/2014,73.0,67.0,60.0,59.0,57.0,54.0,90.0,72.0,53.0,30.01,29.96,29.9,10.0,10.0,10.0,25.0,9.0,29.0,0,4.0,,290.0,94107
9/27/2014,71.0,63.0,55.0,59.0,56.0,52.0,93.0,75.0,57.0,29.94,29.89,29.84,10.0,10.0,10.0,18.0,9.0,24.0,0,3.0,,248.0,94107
9/28/2014,72.0,67.0,61.0,57.0,56.0,55.0,84.0,73.0,61.0,29.96,29.89,29.83,10.0,10.0,10.0,15.0,7.0,17.0,0,6.0,,219.0,94107
9/29/2014,69.0,63.0,57.0,57.0,56.0,55.0,90.0,77.0,63.0,30.05,29.99,29.96,10.0,10.0,8.0,20.0,8.0,28.0,0,5.0,,278.0,94107
9/30/2014,73.0,65.0,57.0,58.0,57.0,54.0,90.0,74.0,57.0,30.05,29.95,29.85,10.0,10.0,9.0,16.0,7.0,18.0,0,4.0,,253.0,94107
10/1/2014,83.0,68.0,53.0,60.0,51.0,40.0,93.0,58.0,22.0,29.98,29.9,29.85,10.0,10.0,8.0,15.0,4.0,31.0,0,1.0,,283.0,94107
10/2/2014,87.0,70.0,52.0,61.0,48.0,42.0,72.0,51.0,29.0,30.04,29.99,29.94,10.0,10.0,9.0,14.0,6.0,18.0,0,0.0,,309.0,94107
10/3/2014,89.0,72.0,55.0,59.0,49.0,42.0,72.0,47.0,21.0,30.1,30.04,29.99,10.0,10.0,10.0,15.0,5.0,20.0,0,0.0,,289.0,94107
10/4/2014,92.0,74.0,55.0,55.0,46.0,40.0,73.0,46.0,19.0,30.04,29.99,29.92,10.0,10.0,10.0,14.0,4.0,17.0,0,1.0,,323.0,94107
10/5/2014,88.0,71.0,53.0,57.0,52.0,45.0,84.0,55.0,26.0,29.97,29.92,29.87,10.0,10.0,10.0,15.0,5.0,35.0,0,1.0,,317.0,94107
10/6/2014,83.0,68.0,52.0,60.0,55.0,50.0,93.0,65.0,36.0,29.94,29.9,29.84,10.0,10.0,7.0,15.0,6.0,62.0,0,1.0,Fog,298.0,94107
10/7/2014,73.0,62.0,51.0,58.0,54.0,50.0,96.0,77.0,57.0,29.95,29.9,29.86,10.0,9.0,2.0,18.0,7.0,21.0,0,2.0,Fog,296.0,94107
10/8/2014,75.0,64.0,52.0,59.0,55.0,51.0,93.0,73.0,53.0,29.93,29.89,29.85,10.0,9.0,7.0,16.0,5.0,17.0,0,1.0,,310.0,94107
10/9/2014,66.0,62.0,57.0,56.0,55.0,53.0,93.0,80.0,67.0,30.01,29.96,29.92,10.0,10.0,10.0,17.0,9.0,20.0,0,4.0,,288.0,94107
10/10/2014,66.0,61.0,56.0,55.0,54.0,52.0,93.0,80.0,67.0,30.08,30.03,30.0,10.0,10.0,10.0,18.0,9.0,28.0,0,6.0,,273.0,94107
10/11/2014,73.0,64.0,55.0,57.0,54.0,52.0,93.0,71.0,49.0,30.08,30.02,29.97,10.0,10.0,9.0,13.0,6.0,15.0,0,4.0,,265.0,94107
10/12/2014,86.0,69.0,51.0,62.0,51.0,31.0,93.0,53.0,13.0,29.99,29.95,29.89,10.0,10.0,10.0,13.0,4.0,18.0,0,0.0,,284.0,94107
10/13/2014,83.0,67.0,50.0,56.0,46.0,34.0,87.0,53.0,19.0,29.97,29.93,29.91,10.0,10.0,8.0,17.0,6.0,33.0,0,1.0,,347.0,94107
10/14/2014,72.0,65.0,58.0,57.0,55.0,54.0,87.0,70.0,53.0,29.95,29.89,29.83,10.0,10.0,8.0,26.0,9.0,32.0,0,6.0,,206.0,94107
10/15/2014,71.0,63.0,54.0,57.0,55.0,53.0,86.0,72.0,57.0,30.04,29.97,29.86,10.0,10.0,9.0,21.0,8.0,28.0,T,6.0,Rain,225.0,94107
10/16/2014,71.0,61.0,51.0,56.0,51.0,45.0,93.0,68.0,42.0,30.05,29.99,29.95,10.0,10.0,10.0,18.0,6.0,22.0,0,5.0,,313.0,94107
10/17/2014,73.0,62.0,51.0,57.0,50.0,47.0,89.0,65.0,41.0,29.98,29.95,29.92,10.0,10.0,10.0,12.0,4.0,17.0,0,5.0,,142.0,94107
10/18/2014,75.0,65.0,54.0,58.0,54.0,49.0,84.0,64.0,43.0,30.0,29.94,29.88,10.0,10.0,10.0,17.0,6.0,28.0,0,2.0,,285.0,94107
10/19/2014,71.0,63.0,55.0,61.0,57.0,52.0,93.0,80.0,66.0,29.93,29.9,29.87,10.0,10.0,9.0,20.0,7.0,22.0,0,3.0,,300.0,94107
10/20/2014,70.0,62.0,54.0,59.0,55.0,51.0,78.0,68.0,57.0,30.06,29.97,29.91,10.0,9.0,2.0,18.0,9.0,22.0,0.01,5.0,Rain,250.0,94107
10/21/2014,70.0,60.0,49.0,53.0,49.0,43.0,83.0,60.0,37.0,30.11,30.06,30.02,10.0,10.0,10.0,20.0,7.0,36.0,0,1.0,,307.0,94107
10/22/2014,71.0,60.0,49.0,57.0,52.0,46.0,86.0,72.0,57.0,30.09,30.05,30.02,10.0,10.0,10.0,15.0,5.0,17.0,0,4.0,,281.0,94107
10/23/2014,72.0,64.0,55.0,59.0,56.0,53.0,93.0,75.0,57.0,30.08,30.02,29.97,10.0,10.0,10.0,14.0,4.0,15.0,0.01,5.0,Fog,302.0,94107
10/24/2014,71.0,64.0,56.0,57.0,54.0,50.0,83.0,71.0,59.0,29.98,29.94,29.89,10.0,10.0,10.0,18.0,9.0,26.0,0,2.0,,184.0,94107
10/25/2014,70.0,65.0,60.0,59.0,56.0,54.0,90.0,76.0,61.0,30.14,30.02,29.89,10.0,10.0,4.0,25.0,13.0,30.0,0.23,6.0,Rain,208.0,94107
10/26/2014,69.0,60.0,50.0,55.0,49.0,43.0,93.0,66.0,39.0,30.18,30.12,30.06,10.0,10.0,10.0,18.0,7.0,21.0,0,1.0,,324.0,94107
10/27/2014,67.0,57.0,47.0,52.0,48.0,42.0,86.0,69.0,52.0,30.08,30.05,30.01,10.0,10.0,10.0,12.0,4.0,14.0,0,2.0,,300.0,94107
10/28/2014,71.0,60.0,48.0,55.0,50.0,45.0,93.0,70.0,47.0,30.13,30.09,30.06,10.0,10.0,10.0,15.0,6.0,17.0,0,1.0,Fog,325.0,94107
10/29/2014,77.0,64.0,50.0,58.0,53.0,49.0,89.0,63.0,36.0,30.12,30.06,29.98,10.0,10.0,10.0,15.0,4.0,17.0,0,1.0,,285.0,94107
10/30/2014,71.0,63.0,54.0,57.0,53.0,47.0,84.0,74.0,63.0,29.96,29.92,29.89,10.0,10.0,10.0,16.0,6.0,26.0,0,5.0,,270.0,94107
10/31/2014,64.0,61.0,57.0,58.0,54.0,49.0,87.0,80.0,72.0,29.91,29.84,29.73,10.0,8.0,2.0,18.0,8.0,24.0,0.32,8.0,Rain,224.0,94107
11/1/2014,64.0,56.0,48.0,51.0,48.0,44.0,83.0,72.0,60.0,30.04,29.9,29.75,10.0,10.0,10.0,22.0,9.0,24.0,0,4.0,,270.0,94107
11/2/2014,66.0,55.0,44.0,50.0,45.0,42.0,93.0,71.0,48.0,30.17,30.13,30.05,10.0,10.0,10.0,21.0,4.0,24.0,0,1.0,,281.0,94107
11/3/2014,66.0,55.0,44.0,52.0,46.0,40.0,86.0,63.0,40.0,30.27,30.22,30.17,10.0,10.0,10.0,15.0,5.0,16.0,0,4.0,,281.0,94107
11/4/2014,69.0,58.0,46.0,54.0,49.0,44.0,93.0,68.0,42.0,30.33,30.27,30.23,10.0,10.0,7.0,12.0,4.0,14.0,0,2.0,Fog,297.0,94107
11/5/2014,72.0,60.0,48.0,54.0,49.0,43.0,77.0,61.0,44.0,30.23,30.15,30.08,10.0,10.0,10.0,7.0,3.0,8.0,0,2.0,,202.0,94107
11/6/2014,72.0,61.0,50.0,56.0,52.0,46.0,93.0,69.0,44.0,30.22,30.19,30.14,10.0,10.0,7.0,13.0,4.0,15.0,0,3.0,,295.0,94107
11/7/2014,70.0,60.0,50.0,58.0,54.0,48.0,100.0,81.0,61.0,30.24,30.18,30.1,10.0,5.0,0.0,13.0,4.0,15.0,0.01,3.0,Fog,332.0,94107
11/8/2014,72.0,61.0,50.0,59.0,53.0,48.0,100.0,79.0,57.0,30.13,30.08,30.01,10.0,7.0,0.0,8.0,2.0,20.0,0,3.0,Fog,265.0,94107
11/9/2014,70.0,59.0,48.0,57.0,53.0,46.0,100.0,81.0,61.0,30.02,29.92,29.83,10.0,10.0,6.0,15.0,4.0,17.0,0,1.0,Fog,299.0,94107
11/10/2014,65.0,56.0,47.0,57.0,52.0,46.0,100.0,86.0,72.0,29.86,29.83,29.8,10.0,5.0,0.0,16.0,5.0,18.0,0.01,3.0,Fog,316.0,94107
11/11/2014,66.0,62.0,58.0,54.0,49.0,47.0,80.0,68.0,56.0,29.98,29.92,29.86,10.0,10.0,10.0,15.0,9.0,21.0,0,7.0,,233.0,94107
11/12/2014,66.0,61.0,56.0,49.0,46.0,44.0,64.0,56.0,48.0,30.04,29.99,29.97,10.0,10.0,4.0,10.0,4.0,16.0,0.11,7.0,Rain,258.0,94107
11/13/2014,64.0,60.0,55.0,59.0,56.0,50.0,93.0,86.0,78.0,30.08,30.01,29.93,10.0,7.0,1.0,17.0,7.0,22.0,0.2,7.0,Rain,211.0,94107
11/14/2014,65.0,57.0,49.0,58.0,53.0,49.0,96.0,82.0,67.0,30.12,30.09,30.07,10.0,9.0,4.0,16.0,6.0,20.0,0,4.0,Fog,273.0,94107
11/15/2014,64.0,55.0,46.0,54.0,49.0,44.0,93.0,78.0,63.0,30.19,30.14,30.09,10.0,10.0,10.0,8.0,3.0,13.0,0,2.0,,300.0,94107
11/16/2014,65.0,56.0,47.0,46.0,32.0,19.0,93.0,56.0,18.0,30.27,30.23,30.18,10.0,10.0,10.0,15.0,5.0,28.0,0,4.0,,54.0,94107
11/17/2014,67.0,57.0,47.0,42.0,36.0,25.0,77.0,50.0,22.0,30.25,30.17,30.11,10.0,10.0,10.0,16.0,6.0,22.0,0,4.0,,87.0,94107
11/18/2014,62.0,54.0,46.0,45.0,41.0,36.0,66.0,55.0,43.0,30.14,30.1,30.05,10.0,10.0,9.0,13.0,5.0,20.0,0,7.0,,68.0,94107
11/19/2014,61.0,57.0,52.0,57.0,51.0,41.0,93.0,75.0,57.0,30.14,30.06,30.0,10.0,8.0,2.0,22.0,6.0,25.0,0.15,8.0,Rain,142.0,94107
11/20/2014,59.0,55.0,51.0,55.0,53.0,49.0,100.0,93.0,86.0,30.12,30.06,29.99,10.0,5.0,0.0,15.0,4.0,21.0,0.66,7.0,Fog-Rain,98.0,94107
11/21/2014,61.0,56.0,51.0,54.0,51.0,48.0,96.0,83.0,69.0,30.14,30.09,30.04,10.0,9.0,6.0,9.0,4.0,31.0,0,7.0,,78.0,94107
11/22/2014,65.0,59.0,53.0,61.0,54.0,45.0,93.0,80.0,66.0,30.25,30.12,30.06,10.0,7.0,1.0,20.0,10.0,23.0,0.26,6.0,Rain,213.0,94107
11/23/2014,62.0,52.0,42.0,47.0,43.0,39.0,83.0,66.0,48.0,30.35,30.3,30.25,10.0,10.0,10.0,8.0,2.0,18.0,0,3.0,,278.0,94107
11/24/2014,62.0,51.0,40.0,47.0,41.0,36.0,83.0,63.0,42.0,30.42,30.37,30.32,10.0,10.0,10.0,7.0,2.0,21.0,0,1.0,,300.0,94107
11/25/2014,73.0,57.0,41.0,52.0,44.0,38.0,83.0,71.0,58.0,30.47,30.4,30.33,10.0,10.0,8.0,13.0,4.0,15.0,0,1.0,,147.0,94107
11/26/2014,65.0,55.0,45.0,52.0,46.0,40.0,86.0,73.0,60.0,30.32,30.26,30.2,10.0,9.0,6.0,10.0,3.0,37.0,0,2.0,,355.0,94107
11/27/2014,65.0,54.0,42.0,51.0,47.0,42.0,93.0,78.0,63.0,30.19,30.12,30.06,9.0,6.0,0.0,12.0,2.0,28.0,0,3.0,Fog,337.0,94107
11/28/2014,62.0,52.0,42.0,52.0,49.0,42.0,100.0,84.0,67.0,30.06,29.98,29.87,10.0,6.0,1.0,13.0,6.0,17.0,T,5.0,Fog-Rain,161.0,94107
11/29/2014,64.0,59.0,54.0,55.0,53.0,49.0,93.0,83.0,72.0,29.87,29.82,29.75,10.0,10.0,6.0,14.0,7.0,18.0,0.08,7.0,Rain,135.0,94107
11/30/2014,60.0,56.0,52.0,58.0,54.0,51.0,100.0,88.0,75.0,30.03,29.88,29.74,10.0,9.0,4.0,16.0,4.0,31.0,0.32,7.0,Rain,84.0,94107
12/1/2014,66.0,60.0,53.0,57.0,55.0,52.0,100.0,84.0,67.0,30.12,30.04,29.96,10.0,10.0,7.0,15.0,4.0,17.0,T,6.0,Rain,53.0,94107
12/2/2014,61.0,58.0,54.0,56.0,54.0,52.0,100.0,90.0,80.0,29.95,29.77,29.69,10.0,8.0,2.0,21.0,9.0,25.0,1.18,8.0,Rain,102.0,94107
12/3/2014,64.0,61.0,58.0,59.0,57.0,55.0,93.0,86.0,78.0,29.89,29.78,29.71,10.0,7.0,2.0,35.0,12.0,41.0,1.43,7.0,Rain,151.0,94107
12/4/2014,65.0,60.0,55.0,58.0,56.0,55.0,100.0,87.0,73.0,30.02,29.94,29.88,10.0,8.0,0.0,14.0,5.0,20.0,0.01,6.0,Fog-Rain,160.0,94107
12/5/2014,67.0,60.0,53.0,58.0,56.0,53.0,100.0,87.0,73.0,30.08,30.03,29.99,10.0,9.0,3.0,23.0,8.0,28.0,0.1,7.0,Rain,139.0,94107
12/6/2014,66.0,62.0,57.0,59.0,57.0,55.0,93.0,86.0,78.0,30.23,30.18,30.09,10.0,10.0,7.0,16.0,6.0,20.0,0.11,7.0,Fog-Rain,129.0,94107
12/7/2014,64.0,58.0,52.0,57.0,54.0,52.0,100.0,86.0,72.0,30.22,30.18,30.14,10.0,8.0,4.0,12.0,3.0,21.0,0.01,6.0,Fog,110.0,94107
12/8/2014,68.0,60.0,51.0,56.0,53.0,50.0,96.0,80.0,63.0,30.19,30.16,30.13,10.0,10.0,10.0,9.0,4.0,12.0,0,6.0,,65.0,94107
12/9/2014,65.0,59.0,53.0,57.0,54.0,51.0,93.0,83.0,73.0,30.22,30.15,30.08,10.0,8.0,4.0,12.0,2.0,31.0,0,7.0,Fog,356.0,94107
12/10/2014,64.0,59.0,54.0,56.0,54.0,53.0,100.0,86.0,72.0,30.08,29.94,29.73,10.0,6.0,0.0,32.0,10.0,39.0,T,8.0,Fog-Rain,119.0,94107
12/11/2014,64.0,57.0,50.0,57.0,53.0,48.0,93.0,80.0,67.0,29.7,29.63,29.52,10.0,6.0,1.0,36.0,14.0,45.0,3.12,8.0,Rain,162.0,94107
12/12/2014,56.0,53.0,49.0,51.0,48.0,46.0,96.0,87.0,77.0,30.09,29.87,29.68,10.0,9.0,4.0,9.0,3.0,10.0,0.48,7.0,Rain,105.0,94107
12/13/2014,57.0,52.0,46.0,48.0,46.0,44.0,100.0,86.0,72.0,30.24,30.18,30.09,10.0,10.0,7.0,8.0,3.0,25.0,0,4.0,,63.0,94107
12/14/2014,61.0,54.0,47.0,48.0,45.0,43.0,89.0,72.0,55.0,30.15,30.06,29.99,10.0,10.0,7.0,14.0,6.0,16.0,0.19,7.0,Rain,94.0,94107
12/15/2014,56.0,53.0,49.0,51.0,48.0,46.0,93.0,85.0,77.0,29.98,29.9,29.84,10.0,8.0,2.0,23.0,14.0,31.0,1.09,8.0,Rain,125.0,94107
12/16/2014,61.0,56.0,50.0,52.0,49.0,46.0,93.0,80.0,67.0,29.96,29.91,29.83,10.0,9.0,2.0,21.0,11.0,24.0,0.65,7.0,Rain,135.0,94107
12/17/2014,59.0,54.0,49.0,51.0,49.0,46.0,93.0,83.0,72.0,30.09,30.03,29.95,10.0,10.0,6.0,17.0,8.0,22.0,0.13,7.0,Rain,127.0,94107
12/18/2014,61.0,56.0,51.0,51.0,49.0,48.0,89.0,81.0,72.0,30.2,30.13,30.07,10.0,10.0,8.0,13.0,6.0,15.0,T,7.0,Rain,119.0,94107
12/19/2014,57.0,56.0,54.0,54.0,52.0,50.0,93.0,85.0,77.0,30.17,30.14,30.11,10.0,8.0,1.0,23.0,12.0,30.0,0.25,8.0,Rain,144.0,94107
12/20/2014,60.0,57.0,54.0,56.0,54.0,52.0,100.0,89.0,78.0,30.26,30.19,30.13,10.0,7.0,2.0,13.0,4.0,16.0,T,7.0,Rain,160.0,94107
12/21/2014,64.0,60.0,55.0,58.0,56.0,54.0,100.0,92.0,84.0,30.33,30.28,30.25,10.0,6.0,0.0,13.0,6.0,24.0,0.09,6.0,Fog-Rain,197.0,94107
12/22/2014,63.0,57.0,51.0,56.0,54.0,50.0,100.0,89.0,78.0,30.3,30.25,30.19,10.0,4.0,0.0,8.0,3.0,24.0,0,4.0,Fog,266.0,94107
12/23/2014,65.0,56.0,47.0,55.0,51.0,46.0,100.0,84.0,67.0,30.23,30.17,30.13,10.0,9.0,6.0,9.0,3.0,14.0,0,0.0,Fog,321.0,94107
12/24/2014,61.0,55.0,48.0,54.0,49.0,36.0,100.0,80.0,59.0,30.12,30.05,29.97,10.0,7.0,0.0,28.0,11.0,33.0,0.02,6.0,Fog-Rain,303.0,94107
12/25/2014,59.0,52.0,45.0,38.0,35.0,26.0,70.0,50.0,30.0,30.16,30.11,30.06,10.0,10.0,10.0,20.0,10.0,26.0,0,0.0,,338.0,94107
12/26/2014,60.0,50.0,39.0,34.0,30.0,26.0,67.0,49.0,30.0,30.27,30.19,30.1,10.0,10.0,10.0,17.0,7.0,23.0,0,0.0,,8.0,94107
12/27/2014,55.0,47.0,38.0,38.0,34.0,30.0,82.0,62.0,41.0,30.39,30.34,30.27,10.0,10.0,10.0,12.0,5.0,13.0,0,3.0,,88.0,94107
12/28/2014,55.0,47.0,39.0,48.0,41.0,36.0,86.0,75.0,64.0,30.37,30.29,30.24,10.0,10.0,9.0,10.0,4.0,14.0,0,3.0,,176.0,94107
12/29/2014,55.0,49.0,42.0,46.0,42.0,37.0,92.0,76.0,59.0,30.24,30.18,30.12,10.0,10.0,7.0,13.0,3.0,16.0,0,4.0,Fog,318.0,94107
12/30/2014,55.0,47.0,38.0,37.0,23.0,14.0,82.0,53.0,24.0,30.25,30.16,30.11,10.0,10.0,10.0,41.0,17.0,53.0,0,0.0,,1.0,94107
12/31/2014,59.0,48.0,36.0,36.0,17.0,5.0,67.0,41.0,15.0,30.27,30.17,30.07,10.0,10.0,10.0,21.0,7.0,28.0,0,1.0,,8.0,94107
1/1/2015,56.0,47.0,38.0,27.0,20.0,14.0,54.0,37.0,20.0,30.18,30.13,30.07,10.0,10.0,10.0,23.0,8.0,28.0,0,1.0,,40.0,94107
1/2/2015,50.0,41.0,32.0,36.0,30.0,25.0,76.0,64.0,52.0,30.23,30.18,30.13,10.0,10.0,9.0,8.0,4.0,10.0,0,1.0,,63.0,94107
1/3/2015,53.0,43.0,32.0,38.0,34.0,28.0,82.0,66.0,50.0,30.33,30.26,30.2,10.0,10.0,8.0,12.0,2.0,14.0,0,1.0,,305.0,94107
1/4/2015,54.0,45.0,35.0,42.0,37.0,33.0,85.0,72.0,59.0,30.44,30.38,30.32,10.0,8.0,6.0,14.0,3.0,17.0,0,5.0,,154.0,94107
1/5/2015,56.0,46.0,36.0,43.0,38.0,32.0,85.0,68.0,50.0,30.39,30.32,30.23,10.0,9.0,6.0,8.0,3.0,9.0,0,4.0,,170.0,94107
1/6/2015,59.0,49.0,38.0,44.0,39.0,36.0,92.0,72.0,51.0,30.29,30.22,30.17,10.0,8.0,5.0,8.0,2.0,12.0,0,0.0,,224.0,94107
1/7/2015,64.0,51.0,38.0,47.0,42.0,37.0,92.0,69.0,46.0,30.23,30.15,30.08,10.0,10.0,8.0,8.0,2.0,9.0,0,1.0,,235.0,94107
1/8/2015,61.0,52.0,42.0,48.0,45.0,38.0,92.0,76.0,60.0,30.1,30.05,30.01,10.0,8.0,5.0,8.0,2.0,9.0,0,6.0,,332.0,94107
1/9/2015,63.0,55.0,46.0,50.0,47.0,45.0,96.0,74.0,52.0,30.04,30.0,29.97,10.0,7.0,3.0,9.0,4.0,12.0,0,7.0,,299.0,94107
1/10/2015,60.0,54.0,47.0,52.0,49.0,45.0,93.0,83.0,72.0,30.05,30.0,29.96,10.0,7.0,4.0,8.0,3.0,10.0,0,6.0,Fog,280.0,94107
1/11/2015,57.0,50.0,42.0,50.0,46.0,42.0,96.0,87.0,77.0,30.18,30.09,30.02,10.0,6.0,0.0,8.0,3.0,25.0,0,5.0,Fog,143.0,94107
1/12/2015,57.0,49.0,41.0,50.0,46.0,41.0,96.0,87.0,77.0,30.28,30.22,30.19,10.0,7.0,0.0,8.0,2.0,10.0,0,3.0,Fog,246.0,94107
1/13/2015,66.0,55.0,43.0,48.0,43.0,37.0,100.0,69.0,37.0,30.23,30.18,30.12,10.0,6.0,0.0,16.0,3.0,21.0,0,2.0,Fog,135.0,94107
1/14/2015,59.0,49.0,39.0,47.0,43.0,36.0,93.0,78.0,62.0,30.3,30.22,30.16,10.0,7.0,4.0,12.0,3.0,13.0,0,3.0,,47.0,94107
1/15/2015,59.0,50.0,40.0,49.0,45.0,39.0,100.0,84.0,67.0,30.34,30.28,30.23,6.0,4.0,0.0,13.0,4.0,16.0,0,5.0,Fog,287.0,94107
1/16/2015,57.0,50.0,43.0,52.0,48.0,43.0,96.0,84.0,72.0,30.3,30.26,30.23,8.0,4.0,2.0,10.0,3.0,12.0,T,6.0,Fog-Rain,349.0,94107
1/17/2015,57.0,53.0,48.0,52.0,49.0,46.0,96.0,84.0,72.0,30.3,30.26,30.21,10.0,7.0,4.0,12.0,5.0,15.0,0,5.0,,188.0,94107
1/18/2015,65.0,57.0,49.0,55.0,52.0,48.0,100.0,87.0,73.0,30.34,30.29,30.26,10.0,5.0,0.0,13.0,4.0,14.0,0,6.0,Fog,302.0,94107
1/19/2015,63.0,55.0,47.0,54.0,50.0,45.0,93.0,77.0,60.0,30.32,30.25,30.18,10.0,9.0,4.0,14.0,5.0,16.0,0,5.0,,9.0,94107
1/20/2015,58.0,52.0,45.0,49.0,47.0,42.0,100.0,86.0,72.0,30.18,30.12,30.06,10.0,6.0,0.0,7.0,2.0,,0,2.0,Fog,282.0,94107
1/21/2015,61.0,51.0,40.0,45.0,41.0,37.0,92.0,73.0,53.0,30.18,30.13,30.08,10.0,10.0,8.0,14.0,5.0,16.0,0,1.0,,42.0,94107
1/22/2015,60.0,51.0,41.0,46.0,42.0,36.0,89.0,73.0,57.0,30.35,30.28,30.19,10.0,9.0,6.0,14.0,6.0,18.0,0,2.0,,83.0,94107
1/23/2015,64.0,52.0,39.0,48.0,42.0,38.0,89.0,66.0,43.0,30.37,30.31,30.23,10.0,9.0,5.0,10.0,3.0,15.0,0,1.0,,302.0,94107
1/24/2015,69.0,58.0,46.0,47.0,44.0,37.0,93.0,63.0,33.0,30.24,30.17,30.1,10.0,9.0,7.0,22.0,7.0,26.0,0,0.0,,2.0,94107
1/25/2015,59.0,50.0,40.0,45.0,41.0,37.0,86.0,70.0,53.0,30.15,30.09,30.01,10.0,10.0,7.0,9.0,4.0,12.0,0,0.0,,47.0,94107
1/26/2015,61.0,51.0,41.0,49.0,44.0,38.0,92.0,72.0,51.0,30.05,30.01,29.97,10.0,10.0,9.0,9.0,3.0,14.0,0,5.0,,310.0,94107
1/27/2015,67.0,57.0,47.0,49.0,46.0,43.0,83.0,64.0,44.0,30.27,30.17,30.03,10.0,10.0,10.0,12.0,4.0,13.0,0,6.0,,9.0,94107
1/28/2015,63.0,53.0,43.0,51.0,46.0,42.0,93.0,73.0,52.0,30.28,30.22,30.17,10.0,10.0,6.0,9.0,3.0,12.0,0,2.0,Fog,265.0,94107
1/29/2015,64.0,53.0,42.0,51.0,48.0,41.0,96.0,81.0,65.0,30.17,30.12,30.07,10.0,8.0,6.0,8.0,3.0,14.0,0,1.0,Fog,273.0,94107
1/30/2015,62.0,54.0,46.0,52.0,48.0,44.0,100.0,87.0,67.0,30.06,29.99,29.91,10.0,8.0,5.0,16.0,5.0,17.0,0,3.0,Fog,269.0,94107
1/31/2015,73.0,59.0,44.0,48.0,40.0,28.0,100.0,61.0,22.0,30.06,29.97,29.91,10.0,10.0,7.0,15.0,4.0,20.0,0,1.0,Fog,276.0,94107
2/1/2015,65.0,53.0,40.0,48.0,42.0,37.0,83.0,62.0,40.0,30.19,30.13,30.06,10.0,10.0,9.0,12.0,3.0,14.0,0,5.0,,284.0,94107
2/2/2015,65.0,54.0,43.0,51.0,47.0,41.0,100.0,83.0,65.0,30.2,30.14,30.09,10.0,8.0,6.0,9.0,3.0,12.0,0,4.0,,268.0,94107
2/3/2015,67.0,57.0,47.0,52.0,50.0,47.0,93.0,76.0,58.0,30.14,30.09,30.05,10.0,9.0,6.0,13.0,3.0,15.0,0,5.0,,276.0,94107
2/4/2015,64.0,55.0,46.0,53.0,50.0,45.0,100.0,86.0,72.0,30.09,30.06,30.02,10.0,6.0,0.0,15.0,5.0,17.0,0,5.0,Fog,254.0,94107
2/5/2015,63.0,56.0,48.0,50.0,48.0,46.0,89.0,75.0,60.0,30.05,29.98,29.9,10.0,10.0,8.0,28.0,6.0,35.0,0,7.0,,141.0,94107
2/6/2015,63.0,61.0,58.0,58.0,54.0,47.0,93.0,77.0,60.0,29.93,29.85,29.8,10.0,6.0,2.0,33.0,22.0,40.0,0.91,8.0,Rain,150.0,94107
2/7/2015,64.0,59.0,54.0,61.0,57.0,52.0,93.0,89.0,84.0,30.08,30.02,29.93,10.0,9.0,4.0,28.0,6.0,35.0,0.03,6.0,Rain,182.0,94107
2/8/2015,63.0,58.0,53.0,57.0,55.0,52.0,93.0,83.0,72.0,30.06,29.95,29.89,10.0,8.0,1.0,36.0,15.0,44.0,0.99,7.0,Rain,156.0,94107
2/9/2015,64.0,57.0,49.0,55.0,52.0,45.0,89.0,78.0,67.0,30.27,30.2,30.08,10.0,10.0,7.0,22.0,8.0,26.0,T,4.0,,229.0,94107
2/10/2015,63.0,54.0,44.0,50.0,45.0,41.0,93.0,71.0,49.0,30.23,30.17,30.1,10.0,10.0,10.0,12.0,4.0,14.0,0,3.0,Fog,292.0,94107
2/11/2015,64.0,53.0,42.0,50.0,46.0,41.0,96.0,78.0,60.0,30.19,30.15,30.11,10.0,10.0,10.0,8.0,3.0,10.0,0,4.0,,210.0,94107
2/12/2015,69.0,58.0,47.0,53.0,48.0,44.0,83.0,68.0,52.0,30.22,30.17,30.13,10.0,10.0,10.0,9.0,2.0,17.0,0,3.0,,278.0,94107
2/13/2015,70.0,58.0,46.0,54.0,50.0,43.0,89.0,70.0,51.0,30.17,30.1,30.06,10.0,10.0,10.0,10.0,3.0,13.0,0,1.0,,304.0,94107
2/14/2015,71.0,59.0,47.0,54.0,50.0,46.0,96.0,75.0,53.0,30.12,30.07,30.03,10.0,10.0,10.0,12.0,4.0,14.0,0,1.0,,324.0,94107
2/15/2015,70.0,58.0,45.0,52.0,47.0,41.0,93.0,67.0,40.0,30.06,30.01,29.97,10.0,10.0,10.0,9.0,3.0,13.0,0,2.0,,206.0,94107
2/16/2015,71.0,59.0,46.0,54.0,49.0,42.0,93.0,73.0,53.0,30.04,30.0,29.96,10.0,9.0,6.0,17.0,6.0,20.0,0,3.0,,313.0,94107
2/17/2015,58.0,56.0,53.0,51.0,49.0,45.0,93.0,80.0,66.0,30.19,30.13,30.04,10.0,8.0,4.0,10.0,6.0,13.0,T,8.0,,281.0,94107
2/18/2015,64.0,57.0,50.0,53.0,49.0,45.0,93.0,79.0,64.0,30.24,30.18,30.12,10.0,10.0,7.0,12.0,5.0,13.0,0,4.0,,288.0,94107
2/19/2015,61.0,56.0,50.0,52.0,51.0,50.0,96.0,84.0,72.0,30.17,30.13,30.06,10.0,8.0,4.0,14.0,5.0,17.0,0,7.0,,271.0,94107
2/20/2015,65.0,59.0,52.0,53.0,51.0,47.0,93.0,73.0,52.0,30.09,30.02,29.94,10.0,8.0,4.0,12.0,3.0,15.0,T,4.0,,220.0,94107
2/21/2015,68.0,57.0,46.0,51.0,47.0,39.0,93.0,67.0,40.0,29.98,29.91,29.84,10.0,10.0,9.0,17.0,5.0,21.0,0,2.0,,319.0,94107
2/22/2015,67.0,56.0,45.0,48.0,36.0,20.0,100.0,61.0,22.0,29.89,29.86,29.83,10.0,9.0,0.0,24.0,8.0,35.0,0,1.0,Fog,360.0,94107
2/23/2015,64.0,54.0,44.0,28.0,20.0,12.0,53.0,35.0,17.0,30.23,30.06,29.89,10.0,10.0,10.0,24.0,7.0,31.0,0,1.0,,353.0,94107
2/24/2015,64.0,50.0,36.0,49.0,37.0,22.0,89.0,58.0,27.0,30.37,30.31,30.25,10.0,10.0,10.0,12.0,5.0,17.0,0,2.0,Fog,244.0,94107
2/25/2015,65.0,55.0,45.0,50.0,45.0,41.0,93.0,70.0,46.0,30.31,30.23,30.1,10.0,10.0,8.0,17.0,5.0,20.0,0,3.0,,260.0,94107
2/26/2015,67.0,56.0,45.0,52.0,49.0,43.0,93.0,76.0,58.0,30.09,30.02,29.92,10.0,9.0,6.0,16.0,6.0,21.0,0,3.0,,259.0,94107
2/27/2015,63.0,56.0,48.0,50.0,46.0,42.0,80.0,68.0,56.0,29.92,29.83,29.74,10.0,10.0,10.0,38.0,19.0,45.0,0,2.0,,288.0,94107
2/28/2015,59.0,52.0,44.0,46.0,44.0,41.0,92.0,74.0,55.0,29.92,29.81,29.73,10.0,10.0,4.0,22.0,7.0,25.0,0.07,4.0,Rain-Thunderstorm,257.0,94107
3/1/2015,63.0,54.0,44.0,47.0,41.0,33.0,92.0,64.0,36.0,30.0,29.95,29.91,10.0,10.0,10.0,17.0,7.0,21.0,0,1.0,,294.0,94107
3/2/2015,59.0,52.0,45.0,47.0,44.0,40.0,86.0,69.0,51.0,29.99,29.86,29.81,10.0,10.0,10.0,15.0,5.0,23.0,T,5.0,,174.0,94107
3/3/2015,64.0,53.0,42.0,47.0,43.0,39.0,89.0,71.0,52.0,30.06,30.01,29.97,10.0,10.0,10.0,16.0,5.0,18.0,0,2.0,,282.0,94107
3/4/2015,67.0,54.0,41.0,47.0,40.0,35.0,89.0,61.0,32.0,30.23,30.13,30.04,10.0,10.0,10.0,7.0,4.0,,0,0.0,,294.0,94107
3/5/2015,70.0,56.0,42.0,47.0,41.0,36.0,76.0,57.0,37.0,30.35,30.28,30.24,10.0,10.0,10.0,13.0,4.0,,0,0.0,,312.0,94107
3/6/2015,71.0,57.0,42.0,50.0,43.0,36.0,83.0,60.0,37.0,30.3,30.23,30.14,10.0,10.0,10.0,10.0,4.0,,0,0.0,,306.0,94107
3/7/2015,71.0,58.0,45.0,52.0,46.0,41.0,89.0,65.0,41.0,30.14,30.08,30.01,10.0,10.0,10.0,13.0,6.0,30.0,0,1.0,,292.0,94107
3/8/2015,65.0,55.0,44.0,51.0,48.0,43.0,93.0,77.0,60.0,30.13,30.07,30.01,10.0,8.0,5.0,18.0,7.0,21.0,0,3.0,Fog,285.0,94107
3/9/2015,65.0,57.0,48.0,51.0,49.0,47.0,100.0,82.0,63.0,30.08,30.01,29.93,10.0,9.0,6.0,15.0,6.0,17.0,0,5.0,,268.0,94107
3/10/2015,63.0,56.0,48.0,52.0,50.0,46.0,100.0,86.0,72.0,30.03,29.96,29.93,10.0,5.0,0.0,25.0,5.0,29.0,0,8.0,Fog,292.0,94107
3/11/2015,65.0,58.0,51.0,56.0,51.0,43.0,100.0,72.0,44.0,30.26,30.14,30.01,10.0,10.0,8.0,15.0,5.0,17.0,0.02,5.0,Rain,308.0,94107
3/12/2015,73.0,60.0,46.0,54.0,51.0,46.0,100.0,72.0,44.0,30.29,30.22,30.14,10.0,10.0,10.0,14.0,5.0,15.0,0,3.0,,282.0,94107
3/13/2015,74.0,61.0,48.0,55.0,52.0,47.0,93.0,66.0,38.0,30.18,30.14,30.08,10.0,10.0,10.0,15.0,4.0,20.0,0,5.0,,291.0,94107
3/14/2015,80.0,66.0,52.0,57.0,52.0,44.0,93.0,66.0,38.0,30.12,30.05,29.96,10.0,10.0,10.0,13.0,5.0,15.0,0,6.0,,297.0,94107
3/15/2015,69.0,62.0,54.0,53.0,47.0,41.0,83.0,62.0,40.0,30.09,30.04,29.98,10.0,10.0,10.0,20.0,5.0,23.0,0,6.0,,308.0,94107
3/16/2015,68.0,61.0,53.0,54.0,50.0,46.0,83.0,66.0,48.0,30.06,30.03,30.01,10.0,10.0,10.0,13.0,5.0,14.0,0,7.0,,281.0,94107
3/17/2015,66.0,59.0,51.0,53.0,49.0,46.0,86.0,69.0,52.0,30.14,30.08,30.04,10.0,10.0,10.0,23.0,9.0,29.0,0,5.0,,269.0,94107
3/18/2015,68.0,58.0,48.0,51.0,48.0,45.0,93.0,71.0,48.0,30.08,30.05,30.01,10.0,10.0,10.0,17.0,6.0,21.0,0,1.0,,260.0,94107
3/19/2015,73.0,60.0,47.0,52.0,49.0,43.0,93.0,64.0,35.0,30.08,30.05,30.0,10.0,10.0,10.0,18.0,6.0,21.0,0,2.0,,294.0,94107
3/20/2015,66.0,57.0,48.0,52.0,48.0,41.0,93.0,71.0,49.0,30.17,30.11,30.06,10.0,10.0,10.0,18.0,6.0,22.0,0,5.0,,292.0,94107
3/21/2015,71.0,63.0,54.0,54.0,53.0,51.0,86.0,70.0,53.0,30.19,30.15,30.1,10.0,10.0,7.0,18.0,6.0,20.0,0,7.0,,262.0,94107
3/22/2015,66.0,60.0,54.0,56.0,52.0,48.0,93.0,78.0,63.0,30.2,30.16,30.13,10.0,10.0,9.0,18.0,9.0,29.0,0.02,7.0,Rain,197.0,94107
3/23/2015,64.0,59.0,53.0,54.0,49.0,42.0,93.0,71.0,48.0,30.32,30.25,30.2,10.0,10.0,10.0,21.0,10.0,29.0,0.05,6.0,,272.0,94107
3/24/2015,65.0,59.0,53.0,54.0,50.0,43.0,83.0,73.0,63.0,30.32,30.28,30.23,10.0,10.0,7.0,21.0,7.0,23.0,T,6.0,,286.0,94107
3/25/2015,72.0,60.0,48.0,53.0,50.0,46.0,93.0,70.0,47.0,30.25,30.2,30.16,10.0,10.0,10.0,16.0,6.0,22.0,0,1.0,,270.0,94107
3/26/2015,80.0,65.0,50.0,56.0,52.0,48.0,93.0,68.0,42.0,30.18,30.12,30.05,10.0,10.0,10.0,14.0,5.0,15.0,0,0.0,,297.0,94107
3/27/2015,64.0,58.0,52.0,54.0,52.0,49.0,96.0,82.0,67.0,30.18,30.14,30.09,10.0,10.0,10.0,21.0,9.0,23.0,0,2.0,Fog,295.0,94107
3/28/2015,74.0,61.0,48.0,55.0,49.0,46.0,93.0,69.0,44.0,30.2,30.14,30.08,10.0,10.0,10.0,24.0,6.0,26.0,0,2.0,,267.0,94107
3/29/2015,73.0,60.0,47.0,52.0,49.0,45.0,93.0,67.0,41.0,30.13,30.08,30.01,10.0,10.0,10.0,18.0,6.0,22.0,0,1.0,,309.0,94107
3/30/2015,65.0,56.0,47.0,51.0,48.0,44.0,89.0,75.0,60.0,30.08,30.05,30.02,10.0,10.0,7.0,21.0,8.0,23.0,0,4.0,,270.0,94107
3/31/2015,68.0,62.0,55.0,52.0,47.0,40.0,86.0,64.0,42.0,30.19,30.14,30.07,10.0,10.0,10.0,28.0,16.0,38.0,0,1.0,,285.0,94107
4/1/2015,65.0,55.0,45.0,45.0,38.0,30.0,80.0,56.0,32.0,30.19,30.14,30.08,10.0,10.0,10.0,24.0,9.0,26.0,0,2.0,,301.0,94107
4/2/2015,69.0,59.0,48.0,45.0,38.0,29.0,80.0,52.0,24.0,30.21,30.17,30.13,10.0,10.0,10.0,22.0,10.0,26.0,0,0.0,,312.0,94107
4/3/2015,67.0,56.0,44.0,46.0,42.0,40.0,83.0,63.0,43.0,30.24,30.17,30.11,10.0,10.0,7.0,18.0,8.0,21.0,0,0.0,,256.0,94107
4/4/2015,64.0,54.0,43.0,47.0,41.0,38.0,93.0,67.0,40.0,30.12,30.05,29.97,10.0,10.0,10.0,26.0,11.0,32.0,0,4.0,,278.0,94107
4/5/2015,58.0,54.0,50.0,48.0,43.0,38.0,83.0,69.0,54.0,29.98,29.93,29.91,10.0,9.0,2.0,21.0,11.0,24.0,0.11,5.0,Rain,252.0,94107
4/6/2015,63.0,54.0,44.0,43.0,40.0,37.0,83.0,63.0,42.0,29.99,29.93,29.85,10.0,10.0,10.0,25.0,13.0,29.0,0,4.0,,167.0,94107
4/7/2015,61.0,55.0,48.0,48.0,45.0,40.0,93.0,72.0,51.0,30.06,29.88,29.77,10.0,8.0,4.0,30.0,15.0,40.0,0.52,6.0,Rain,235.0,94107
4/8/2015,63.0,55.0,47.0,50.0,44.0,38.0,86.0,65.0,43.0,30.19,30.13,30.07,10.0,10.0,10.0,16.0,8.0,20.0,0.01,4.0,Rain,299.0,94107
4/9/2015,67.0,55.0,43.0,47.0,43.0,36.0,92.0,63.0,34.0,30.09,30.02,29.96,10.0,10.0,10.0,17.0,6.0,20.0,0,4.0,,289.0,94107
4/10/2015,66.0,56.0,46.0,48.0,43.0,38.0,89.0,63.0,37.0,30.06,30.03,29.98,10.0,10.0,10.0,16.0,7.0,18.0,0,2.0,,282.0,94107
4/11/2015,72.0,60.0,47.0,52.0,48.0,43.0,93.0,70.0,47.0,30.1,30.05,30.01,10.0,10.0,10.0,20.0,7.0,23.0,0,4.0,,279.0,94107
4/12/2015,73.0,61.0,48.0,54.0,49.0,45.0,100.0,70.0,40.0,30.06,30.02,29.96,10.0,10.0,10.0,14.0,6.0,16.0,0,1.0,,280.0,94107
4/13/2015,62.0,56.0,50.0,50.0,47.0,45.0,89.0,72.0,55.0,30.17,30.09,30.02,10.0,10.0,7.0,29.0,15.0,36.0,0,4.0,,276.0,94107
4/14/2015,65.0,57.0,48.0,44.0,36.0,27.0,71.0,48.0,25.0,30.35,30.27,30.16,10.0,10.0,10.0,25.0,13.0,29.0,0,1.0,,313.0,94107
4/15/2015,71.0,59.0,47.0,46.0,39.0,31.0,72.0,50.0,28.0,30.23,30.12,30.01,10.0,10.0,10.0,22.0,8.0,25.0,0,1.0,,303.0,94107
4/16/2015,81.0,65.0,48.0,48.0,36.0,25.0,80.0,47.0,13.0,30.06,30.02,29.97,10.0,10.0,10.0,22.0,8.0,28.0,0,0.0,,329.0,94107
4/17/2015,72.0,60.0,48.0,48.0,45.0,40.0,86.0,63.0,40.0,30.1,30.06,30.02,10.0,10.0,10.0,20.0,7.0,23.0,0,0.0,,293.0,94107
4/18/2015,67.0,58.0,49.0,50.0,48.0,47.0,89.0,69.0,48.0,30.07,30.01,29.93,10.0,10.0,9.0,20.0,9.0,23.0,0,3.0,,303.0,94107
4/19/2015,63.0,56.0,49.0,50.0,49.0,48.0,93.0,77.0,60.0,29.99,29.95,29.9,10.0,9.0,6.0,20.0,9.0,23.0,0,6.0,,298.0,94107
4/20/2015,63.0,58.0,53.0,50.0,49.0,48.0,83.0,72.0,60.0,29.92,29.89,29.85,10.0,10.0,10.0,22.0,12.0,24.0,0,6.0,,277.0,94107
4/21/2015,61.0,57.0,53.0,49.0,48.0,48.0,83.0,74.0,64.0,29.93,29.88,29.86,10.0,10.0,10.0,21.0,14.0,25.0,T,7.0,,249.0,94107
4/22/2015,66.0,59.0,52.0,49.0,48.0,46.0,89.0,73.0,56.0,29.92,29.88,29.85,10.0,10.0,9.0,22.0,9.0,25.0,0,5.0,,231.0,94107
4/23/2015,64.0,58.0,52.0,49.0,46.0,45.0,83.0,70.0,56.0,29.91,29.88,29.86,10.0,10.0,7.0,22.0,10.0,24.0,0,5.0,,234.0,94107
4/24/2015,63.0,58.0,52.0,53.0,47.0,43.0,89.0,69.0,48.0,30.03,29.99,29.9,10.0,10.0,5.0,29.0,19.0,33.0,0.08,5.0,Rain,258.0,94107
4/25/2015,63.0,57.0,51.0,55.0,49.0,44.0,93.0,77.0,60.0,30.06,29.96,29.89,10.0,9.0,6.0,26.0,15.0,31.0,0.14,6.0,Rain,268.0,94107
4/26/2015,69.0,58.0,47.0,51.0,46.0,39.0,83.0,63.0,43.0,30.16,30.1,30.06,10.0,10.0,10.0,20.0,7.0,23.0,0,3.0,,271.0,94107
4/27/2015,81.0,66.0,50.0,55.0,51.0,47.0,89.0,64.0,38.0,30.06,30.01,29.94,10.0,10.0,10.0,22.0,9.0,25.0,T,2.0,,270.0,94107
4/28/2015,63.0,58.0,52.0,51.0,49.0,48.0,89.0,77.0,65.0,30.08,30.04,30.01,10.0,10.0,10.0,18.0,9.0,22.0,0,6.0,,250.0,94107
4/29/2015,66.0,59.0,51.0,48.0,47.0,45.0,89.0,69.0,48.0,30.04,29.99,29.91,10.0,9.0,6.0,20.0,8.0,23.0,0,3.0,,249.0,94107
4/30/2015,84.0,67.0,49.0,54.0,48.0,42.0,83.0,55.0,26.0,29.9,29.84,29.77,10.0,10.0,8.0,15.0,6.0,22.0,0,1.0,,296.0,94107
5/1/2015,76.0,65.0,53.0,54.0,51.0,48.0,93.0,71.0,49.0,29.92,29.86,29.8,10.0,10.0,9.0,20.0,9.0,23.0,0,2.0,,312.0,94107
5/2/2015,65.0,59.0,52.0,50.0,49.0,47.0,89.0,75.0,60.0,29.91,29.88,29.84,10.0,10.0,10.0,20.0,9.0,24.0,0,4.0,,311.0,94107
5/3/2015,64.0,58.0,52.0,48.0,47.0,46.0,83.0,68.0,52.0,29.93,29.9,29.86,10.0,10.0,10.0,20.0,11.0,23.0,0,5.0,,274.0,94107
5/4/2015,59.0,55.0,51.0,47.0,46.0,45.0,83.0,73.0,62.0,30.01,29.97,29.93,10.0,10.0,7.0,20.0,11.0,23.0,0,7.0,,251.0,94107
5/5/2015,62.0,57.0,51.0,47.0,46.0,45.0,83.0,72.0,60.0,29.98,29.95,29.91,10.0,10.0,8.0,18.0,11.0,25.0,0,5.0,,225.0,94107
5/6/2015,66.0,58.0,50.0,47.0,46.0,44.0,83.0,68.0,52.0,29.92,29.86,29.81,10.0,10.0,7.0,17.0,9.0,20.0,0,3.0,,218.0,94107
5/7/2015,67.0,57.0,47.0,47.0,45.0,42.0,83.0,64.0,45.0,29.81,29.77,29.73,10.0,10.0,7.0,17.0,6.0,20.0,T,5.0,Rain,204.0,94107
5/8/2015,65.0,56.0,46.0,49.0,47.0,43.0,86.0,71.0,56.0,30.04,29.89,29.77,10.0,10.0,8.0,18.0,9.0,22.0,0,3.0,,293.0,94107
5/9/2015,63.0,58.0,52.0,49.0,48.0,46.0,83.0,72.0,60.0,30.12,30.09,30.06,10.0,10.0,10.0,21.0,11.0,23.0,0,6.0,,263.0,94107
5/10/2015,62.0,57.0,51.0,48.0,47.0,46.0,89.0,75.0,60.0,30.1,30.06,29.99,10.0,10.0,7.0,16.0,9.0,20.0,0,6.0,,259.0,94107
5/11/2015,62.0,57.0,52.0,49.0,47.0,45.0,83.0,72.0,60.0,29.99,29.95,29.87,10.0,10.0,7.0,28.0,14.0,31.0,0,5.0,,254.0,94107
5/12/2015,65.0,58.0,51.0,45.0,43.0,41.0,77.0,60.0,43.0,29.96,29.93,29.87,10.0,10.0,10.0,28.0,18.0,33.0,0,3.0,,275.0,94107
5/13/2015,63.0,57.0,51.0,48.0,44.0,42.0,77.0,63.0,48.0,29.99,29.95,29.91,10.0,10.0,10.0,21.0,12.0,24.0,0,5.0,,268.0,94107
5/14/2015,66.0,60.0,53.0,50.0,48.0,45.0,77.0,67.0,56.0,29.9,29.85,29.8,10.0,10.0,10.0,18.0,9.0,24.0,T,7.0,Rain,232.0,94107
5/15/2015,62.0,57.0,52.0,49.0,48.0,46.0,83.0,70.0,56.0,29.97,29.92,29.86,10.0,10.0,10.0,26.0,13.0,32.0,0,6.0,,269.0,94107
5/16/2015,61.0,57.0,53.0,49.0,48.0,47.0,83.0,74.0,64.0,30.04,30.0,29.95,10.0,10.0,10.0,18.0,12.0,26.0,0,7.0,,250.0,94107
5/17/2015,64.0,59.0,54.0,48.0,48.0,47.0,83.0,72.0,60.0,30.06,30.04,30.01,10.0,10.0,10.0,22.0,13.0,24.0,0,7.0,,264.0,94107
5/18/2015,60.0,57.0,54.0,49.0,48.0,46.0,77.0,72.0,67.0,30.12,30.08,30.04,10.0,10.0,10.0,22.0,13.0,25.0,0,8.0,,264.0,94107
5/19/2015,63.0,59.0,54.0,49.0,48.0,48.0,83.0,74.0,64.0,30.12,30.08,30.01,10.0,10.0,10.0,21.0,12.0,23.0,T,8.0,,257.0,94107
5/20/2015,68.0,61.0,54.0,52.0,49.0,48.0,86.0,75.0,64.0,30.0,29.98,29.95,10.0,10.0,5.0,16.0,11.0,21.0,T,8.0,Rain,249.0,94107
5/21/2015,66.0,60.0,54.0,54.0,52.0,51.0,93.0,78.0,63.0,29.99,29.95,29.93,10.0,9.0,4.0,18.0,10.0,21.0,T,7.0,Rain,255.0,94107
5/22/2015,62.0,59.0,56.0,52.0,51.0,48.0,83.0,74.0,64.0,30.08,30.02,29.98,10.0,10.0,10.0,21.0,12.0,23.0,0,8.0,,262.0,94107
5/23/2015,62.0,58.0,53.0,50.0,49.0,48.0,83.0,72.0,60.0,30.11,30.08,30.04,10.0,10.0,9.0,20.0,11.0,23.0,T,7.0,,238.0,94107
5/24/2015,61.0,57.0,52.0,50.0,49.0,48.0,89.0,78.0,67.0,30.06,30.02,29.98,10.0,10.0,9.0,20.0,11.0,24.0,T,7.0,,248.0,94107
5/25/2015,63.0,58.0,52.0,50.0,49.0,48.0,89.0,75.0,60.0,30.01,29.98,29.96,10.0,10.0,9.0,20.0,12.0,24.0,T,8.0,,257.0,94107
5/26/2015,65.0,59.0,53.0,50.0,49.0,48.0,89.0,73.0,56.0,30.03,30.0,29.98,10.0,10.0,7.0,18.0,11.0,24.0,T,7.0,Rain,261.0,94107
5/27/2015,63.0,58.0,53.0,50.0,49.0,48.0,89.0,75.0,60.0,30.04,30.02,30.0,10.0,10.0,10.0,21.0,12.0,24.0,0,6.0,,269.0,94107
5/28/2015,63.0,58.0,52.0,52.0,50.0,48.0,89.0,77.0,65.0,30.07,30.03,29.99,10.0,10.0,10.0,21.0,10.0,23.0,T,7.0,,267.0,94107
5/29/2015,62.0,57.0,52.0,50.0,49.0,48.0,89.0,79.0,69.0,30.02,29.99,29.95,10.0,10.0,10.0,18.0,10.0,22.0,T,7.0,,266.0,94107
5/30/2015,66.0,59.0,51.0,52.0,50.0,49.0,93.0,78.0,63.0,29.99,29.95,29.91,10.0,10.0,10.0,24.0,9.0,28.0,0,7.0,,280.0,94107
5/31/2015,65.0,59.0,52.0,50.0,48.0,46.0,89.0,73.0,56.0,29.99,29.95,29.92,10.0,10.0,7.0,24.0,11.0,28.0,0,7.0,,267.0,94107
6/1/2015,73.0,65.0,57.0,55.0,53.0,50.0,87.0,68.0,49.0,30.06,30.03,29.97,10.0,9.0,2.0,21.0,10.0,24.0,T,6.0,Rain,233.0,94107
6/2/2015,65.0,61.0,56.0,55.0,53.0,51.0,93.0,78.0,63.0,30.08,30.04,29.98,10.0,10.0,10.0,20.0,11.0,25.0,0,6.0,,257.0,94107
6/3/2015,65.0,60.0,55.0,52.0,51.0,50.0,86.0,73.0,60.0,29.97,29.94,29.88,10.0,10.0,10.0,22.0,10.0,25.0,0,6.0,,237.0,94107
6/4/2015,70.0,62.0,53.0,51.0,50.0,48.0,83.0,67.0,51.0,29.87,29.84,29.81,10.0,10.0,9.0,17.0,9.0,26.0,0,4.0,,226.0,94107
6/5/2015,69.0,61.0,53.0,54.0,52.0,48.0,93.0,74.0,55.0,29.86,29.83,29.81,10.0,10.0,4.0,22.0,9.0,28.0,0,4.0,,308.0,94107
6/6/2015,71.0,64.0,56.0,55.0,54.0,53.0,93.0,75.0,57.0,29.94,29.89,29.85,10.0,10.0,10.0,22.0,9.0,28.0,0,6.0,,314.0,94107
6/7/2015,73.0,65.0,56.0,55.0,54.0,53.0,93.0,73.0,53.0,29.94,29.9,29.84,10.0,10.0,10.0,20.0,8.0,22.0,0,4.0,,302.0,94107
6/8/2015,88.0,72.0,56.0,57.0,55.0,53.0,87.0,59.0,31.0,29.88,29.84,29.75,10.0,10.0,10.0,20.0,8.0,23.0,0,1.0,,302.0,94107
6/9/2015,77.0,66.0,55.0,57.0,54.0,52.0,93.0,68.0,43.0,29.92,29.88,29.82,10.0,10.0,10.0,30.0,6.0,32.0,0,6.0,,294.0,94107
6/10/2015,70.0,64.0,58.0,63.0,58.0,55.0,97.0,88.0,78.0,29.94,29.9,29.87,10.0,9.0,4.0,15.0,6.0,17.0,0.18,7.0,Fog-Rain,302.0,94107
6/11/2015,73.0,65.0,57.0,59.0,56.0,54.0,100.0,81.0,61.0,29.92,29.88,29.82,10.0,8.0,1.0,20.0,8.0,23.0,0,4.0,,295.0,94107
6/12/2015,75.0,65.0,54.0,58.0,55.0,52.0,93.0,71.0,49.0,29.85,29.8,29.75,10.0,9.0,7.0,20.0,9.0,23.0,0,0.0,,306.0,94107
6/13/2015,72.0,65.0,57.0,57.0,55.0,52.0,93.0,77.0,61.0,29.79,29.77,29.75,10.0,9.0,6.0,21.0,9.0,25.0,0,3.0,,313.0,94107
6/14/2015,67.0,61.0,55.0,54.0,51.0,48.0,86.0,71.0,56.0,29.87,29.82,29.76,10.0,7.0,5.0,21.0,12.0,24.0,0,5.0,,280.0,94107
6/15/2015,62.0,58.0,54.0,51.0,50.0,48.0,89.0,78.0,67.0,29.97,29.91,29.86,10.0,9.0,5.0,21.0,11.0,24.0,0,7.0,,255.0,94107
6/16/2015,68.0,62.0,55.0,52.0,51.0,50.0,83.0,71.0,58.0,29.98,29.95,29.93,10.0,9.0,5.0,20.0,12.0,,0,5.0,,254.0,94107
6/17/2015,69.0,61.0,53.0,52.0,51.0,48.0,89.0,70.0,51.0,29.95,29.93,29.91,10.0,9.0,4.0,23.0,9.0,25.0,0,4.0,,287.0,94107
6/18/2015,66.0,59.0,52.0,52.0,50.0,47.0,89.0,73.0,56.0,30.03,29.99,29.94,10.0,9.0,5.0,18.0,10.0,23.0,0,3.0,,286.0,94107
6/19/2015,71.0,62.0,52.0,53.0,50.0,48.0,89.0,69.0,49.0,30.01,29.99,29.95,10.0,10.0,7.0,18.0,9.0,21.0,0,4.0,,267.0,94107
6/20/2015,69.0,61.0,52.0,54.0,52.0,49.0,93.0,74.0,55.0,29.94,29.91,29.87,10.0,10.0,6.0,20.0,9.0,22.0,0,5.0,,303.0,94107
6/21/2015,67.0,62.0,56.0,52.0,50.0,48.0,86.0,69.0,52.0,30.05,30.0,29.91,10.0,9.0,6.0,22.0,12.0,25.0,0,4.0,,271.0,94107
6/22/2015,64.0,59.0,54.0,52.0,51.0,49.0,86.0,73.0,60.0,30.08,30.04,30.02,10.0,9.0,6.0,21.0,10.0,24.0,0,5.0,,268.0,94107
6/23/2015,70.0,62.0,53.0,52.0,50.0,48.0,86.0,69.0,51.0,30.03,29.99,29.94,10.0,9.0,6.0,21.0,9.0,24.0,0,2.0,,261.0,94107
6/24/2015,73.0,64.0,55.0,52.0,51.0,50.0,86.0,68.0,49.0,29.97,29.93,29.89,10.0,10.0,6.0,20.0,9.0,22.0,0,3.0,,272.0,94107
6/25/2015,79.0,68.0,56.0,57.0,53.0,50.0,83.0,63.0,43.0,29.92,29.89,29.86,10.0,10.0,7.0,18.0,7.0,21.0,0,0.0,,323.0,94107
6/26/2015,73.0,66.0,58.0,56.0,55.0,53.0,80.0,69.0,57.0,29.97,29.92,29.9,10.0,10.0,6.0,22.0,10.0,29.0,0,2.0,,316.0,94107
6/27/2015,74.0,66.0,58.0,57.0,55.0,53.0,86.0,70.0,53.0,30.02,29.98,29.95,10.0,10.0,10.0,17.0,9.0,20.0,0,6.0,,315.0,94107
6/28/2015,72.0,66.0,60.0,57.0,56.0,55.0,84.0,71.0,57.0,30.02,30.0,29.96,10.0,10.0,10.0,22.0,12.0,24.0,T,7.0,,291.0,94107
6/29/2015,73.0,65.0,57.0,56.0,54.0,52.0,86.0,72.0,57.0,30.04,29.99,29.93,10.0,10.0,10.0,16.0,10.0,21.0,0,5.0,,272.0,94107
6/30/2015,82.0,70.0,57.0,57.0,55.0,54.0,93.0,66.0,39.0,29.93,29.88,29.81,10.0,10.0,10.0,16.0,8.0,18.0,0,3.0,,293.0,94107
7/1/2015,76.0,67.0,58.0,57.0,56.0,54.0,87.0,69.0,50.0,29.93,29.88,29.82,10.0,10.0,10.0,24.0,9.0,30.0,0,5.0,,309.0,94107
7/2/2015,74.0,67.0,60.0,59.0,57.0,55.0,90.0,76.0,61.0,29.98,29.94,29.91,10.0,10.0,10.0,21.0,11.0,23.0,0,6.0,,313.0,94107
7/3/2015,73.0,67.0,60.0,58.0,57.0,57.0,90.0,76.0,61.0,29.97,29.92,29.88,10.0,10.0,10.0,21.0,11.0,23.0,0,5.0,,302.0,94107
7/4/2015,71.0,66.0,60.0,58.0,57.0,56.0,90.0,78.0,66.0,29.9,29.88,29.85,10.0,10.0,10.0,21.0,11.0,25.0,0,6.0,,297.0,94107
7/5/2015,75.0,68.0,61.0,58.0,57.0,55.0,84.0,71.0,57.0,30.01,29.95,29.89,10.0,10.0,10.0,22.0,11.0,26.0,0,6.0,,288.0,94107
7/6/2015,73.0,67.0,61.0,58.0,56.0,54.0,84.0,69.0,53.0,30.09,30.05,30.01,10.0,10.0,7.0,18.0,13.0,21.0,T,5.0,Rain,267.0,94107
7/7/2015,73.0,67.0,61.0,58.0,57.0,55.0,84.0,73.0,61.0,30.04,29.99,29.92,10.0,10.0,10.0,21.0,13.0,26.0,0,6.0,,267.0,94107
7/8/2015,69.0,65.0,60.0,56.0,54.0,52.0,78.0,71.0,63.0,29.92,29.88,29.84,10.0,10.0,10.0,21.0,13.0,28.0,0,8.0,,265.0,94107
7/9/2015,67.0,63.0,59.0,57.0,55.0,54.0,84.0,76.0,68.0,29.91,29.88,29.83,10.0,9.0,6.0,17.0,10.0,20.0,0.01,8.0,Rain,263.0,94107
7/10/2015,73.0,67.0,61.0,56.0,55.0,54.0,84.0,69.0,53.0,29.97,29.93,29.9,10.0,10.0,7.0,16.0,10.0,23.0,T,6.0,,267.0,94107
7/11/2015,74.0,68.0,61.0,56.0,54.0,52.0,84.0,67.0,49.0,30.0,29.98,29.93,10.0,10.0,10.0,21.0,12.0,26.0,0,4.0,,270.0,94107
7/12/2015,75.0,69.0,63.0,57.0,56.0,53.0,84.0,65.0,46.0,30.06,30.03,30.0,10.0,10.0,10.0,21.0,11.0,24.0,0,6.0,,263.0,94107
7/13/2015,74.0,68.0,62.0,58.0,57.0,56.0,84.0,71.0,57.0,30.03,29.99,29.93,10.0,10.0,10.0,24.0,12.0,28.0,0,6.0,,259.0,94107
7/14/2015,70.0,65.0,60.0,57.0,56.0,55.0,90.0,76.0,61.0,29.95,29.92,29.89,10.0,10.0,6.0,22.0,12.0,28.0,T,7.0,,250.0,94107
7/15/2015,77.0,68.0,58.0,57.0,56.0,55.0,84.0,67.0,50.0,29.91,29.88,29.86,10.0,10.0,7.0,18.0,10.0,24.0,0,4.0,,233.0,94107
7/16/2015,76.0,68.0,60.0,58.0,57.0,55.0,90.0,72.0,54.0,29.93,29.9,29.86,10.0,10.0,7.0,20.0,9.0,26.0,0,4.0,,309.0,94107
7/17/2015,74.0,68.0,61.0,57.0,56.0,55.0,90.0,74.0,57.0,29.88,29.84,29.79,10.0,10.0,8.0,21.0,10.0,24.0,0,5.0,,303.0,94107
7/18/2015,75.0,68.0,60.0,56.0,55.0,54.0,84.0,67.0,49.0,30.02,29.92,29.84,10.0,10.0,10.0,20.0,9.0,24.0,0,3.0,,291.0,94107
7/19/2015,87.0,74.0,61.0,58.0,56.0,54.0,78.0,57.0,35.0,30.06,30.04,30.0,10.0,10.0,10.0,16.0,6.0,20.0,0,5.0,,280.0,94107
7/20/2015,79.0,71.0,62.0,62.0,58.0,56.0,78.0,65.0,52.0,30.02,29.99,29.94,10.0,10.0,10.0,18.0,9.0,21.0,0,3.0,,271.0,94107
7/21/2015,70.0,65.0,60.0,57.0,56.0,55.0,90.0,76.0,61.0,29.96,29.91,29.86,10.0,10.0,7.0,20.0,11.0,23.0,0,6.0,,268.0,94107
7/22/2015,69.0,65.0,60.0,56.0,55.0,53.0,84.0,72.0,59.0,29.91,29.88,29.83,10.0,10.0,7.0,22.0,14.0,26.0,0,6.0,,252.0,94107
7/23/2015,69.0,65.0,60.0,55.0,54.0,53.0,78.0,68.0,57.0,30.05,30.0,29.92,10.0,10.0,7.0,21.0,13.0,25.0,0,5.0,,250.0,94107
7/24/2015,74.0,67.0,59.0,56.0,54.0,53.0,78.0,64.0,49.0,30.13,30.09,30.05,10.0,10.0,10.0,21.0,11.0,23.0,0,4.0,,266.0,94107
7/25/2015,70.0,65.0,60.0,56.0,55.0,54.0,84.0,73.0,61.0,30.12,30.07,29.99,10.0,10.0,10.0,21.0,10.0,29.0,0,6.0,,267.0,94107
7/26/2015,71.0,65.0,58.0,57.0,55.0,53.0,84.0,71.0,57.0,29.98,29.95,29.92,10.0,10.0,9.0,18.0,9.0,24.0,0,4.0,,253.0,94107
7/27/2015,81.0,69.0,56.0,58.0,54.0,52.0,86.0,61.0,36.0,29.97,29.93,29.89,10.0,10.0,7.0,21.0,9.0,25.0,0,0.0,,287.0,94107
7/28/2015,87.0,72.0,56.0,59.0,55.0,52.0,86.0,62.0,37.0,29.9,29.87,29.83,10.0,10.0,7.0,18.0,6.0,21.0,0,0.0,,291.0,94107
7/29/2015,79.0,70.0,60.0,59.0,58.0,56.0,90.0,69.0,48.0,29.96,29.91,29.86,10.0,10.0,7.0,18.0,10.0,23.0,0,0.0,,316.0,94107
7/30/2015,75.0,68.0,61.0,59.0,58.0,57.0,90.0,74.0,57.0,30.06,30.01,29.97,10.0,10.0,10.0,21.0,11.0,24.0,0,5.0,,301.0,94107
7/31/2015,72.0,67.0,61.0,59.0,57.0,57.0,90.0,78.0,66.0,30.04,30.01,29.97,10.0,10.0,10.0,20.0,11.0,23.0,0,6.0,,281.0,94107
8/1/2015,75.0,69.0,62.0,60.0,57.0,55.0,78.0,68.0,57.0,30.03,29.98,29.94,10.0,10.0,10.0,20.0,12.0,24.0,0,5.0,,276.0,94107
8/2/2015,73.0,68.0,63.0,57.0,56.0,55.0,84.0,71.0,57.0,30.0,29.95,29.91,10.0,10.0,8.0,20.0,12.0,23.0,0,6.0,,265.0,94107
8/3/2015,75.0,70.0,64.0,57.0,54.0,53.0,78.0,64.0,49.0,29.99,29.96,29.93,10.0,10.0,10.0,22.0,14.0,25.0,0,5.0,,267.0,94107
8/4/2015,75.0,69.0,62.0,57.0,54.0,52.0,78.0,62.0,46.0,30.02,29.99,29.96,10.0,10.0,10.0,18.0,10.0,22.0,0,5.0,,269.0,94107
8/5/2015,77.0,67.0,57.0,59.0,56.0,54.0,84.0,69.0,54.0,30.06,30.0,29.92,10.0,10.0,10.0,20.0,8.0,22.0,0,3.0,,278.0,94107
8/6/2015,72.0,65.0,58.0,58.0,57.0,54.0,93.0,77.0,61.0,29.93,29.87,29.8,10.0,10.0,7.0,21.0,8.0,24.0,T,5.0,Rain-Thunderstorm,309.0,94107
8/7/2015,77.0,69.0,61.0,57.0,56.0,54.0,84.0,69.0,53.0,29.91,29.88,29.84,10.0,10.0,10.0,22.0,10.0,24.0,0,4.0,,271.0,94107
8/8/2015,70.0,66.0,62.0,57.0,56.0,55.0,84.0,73.0,61.0,29.96,29.94,29.91,10.0,10.0,10.0,18.0,11.0,25.0,0,6.0,,261.0,94107
8/9/2015,72.0,66.0,59.0,59.0,57.0,55.0,90.0,76.0,61.0,29.97,29.94,29.91,10.0,10.0,10.0,21.0,11.0,28.0,0,6.0,,251.0,94107
8/10/2015,73.0,67.0,60.0,60.0,57.0,54.0,84.0,73.0,61.0,29.98,29.94,29.9,10.0,10.0,10.0,22.0,13.0,25.0,0,6.0,,262.0,94107
8/11/2015,73.0,67.0,61.0,58.0,56.0,55.0,84.0,69.0,53.0,29.99,29.94,29.91,10.0,10.0,10.0,21.0,11.0,24.0,0,5.0,,258.0,94107
8/12/2015,78.0,67.0,55.0,61.0,57.0,50.0,93.0,67.0,41.0,30.08,30.03,29.98,10.0,10.0,10.0,18.0,9.0,22.0,0,2.0,,285.0,94107
8/13/2015,76.0,70.0,64.0,61.0,59.0,56.0,87.0,70.0,53.0,30.07,30.04,30.0,10.0,10.0,10.0,20.0,10.0,24.0,0,4.0,,278.0,94107
8/14/2015,76.0,69.0,61.0,60.0,58.0,57.0,87.0,71.0,54.0,30.09,30.04,29.99,10.0,10.0,10.0,17.0,9.0,21.0,0,4.0,,264.0,94107
8/15/2015,92.0,75.0,57.0,61.0,56.0,50.0,86.0,56.0,26.0,30.0,29.95,29.88,10.0,8.0,2.0,15.0,5.0,21.0,0,3.0,,306.0,94107
8/16/2015,93.0,77.0,61.0,61.0,57.0,47.0,84.0,56.0,27.0,29.91,29.86,29.81,10.0,7.0,4.0,16.0,5.0,20.0,0,5.0,,297.0,94107
8/17/2015,80.0,70.0,59.0,60.0,58.0,56.0,90.0,69.0,48.0,29.91,29.86,29.82,9.0,7.0,6.0,21.0,10.0,24.0,0,1.0,,308.0,94107
8/18/2015,75.0,68.0,61.0,58.0,57.0,55.0,90.0,72.0,54.0,29.95,29.91,29.88,10.0,8.0,4.0,18.0,10.0,22.0,0,4.0,,310.0,94107
8/19/2015,74.0,69.0,63.0,57.0,56.0,54.0,78.0,66.0,53.0,29.96,29.93,29.9,10.0,9.0,7.0,20.0,11.0,23.0,0,6.0,,273.0,94107
8/20/2015,70.0,66.0,62.0,57.0,55.0,53.0,84.0,71.0,57.0,29.94,29.9,29.86,10.0,10.0,10.0,20.0,12.0,24.0,0,6.0,,270.0,94107
8/21/2015,69.0,66.0,62.0,57.0,56.0,55.0,78.0,70.0,61.0,29.91,29.88,29.85,10.0,10.0,10.0,21.0,11.0,23.0,0,6.0,,262.0,94107
8/22/2015,75.0,68.0,61.0,58.0,56.0,55.0,78.0,66.0,53.0,29.95,29.92,29.88,10.0,10.0,10.0,22.0,8.0,25.0,0,5.0,,257.0,94107
8/23/2015,73.0,67.0,61.0,56.0,55.0,54.0,78.0,68.0,57.0,30.03,29.99,29.94,10.0,10.0,10.0,17.0,10.0,21.0,0,7.0,,277.0,94107
8/24/2015,75.0,68.0,61.0,57.0,55.0,54.0,84.0,69.0,53.0,30.06,30.02,29.97,10.0,10.0,7.0,17.0,10.0,22.0,0,4.0,,281.0,94107
8/25/2015,74.0,67.0,60.0,57.0,56.0,54.0,84.0,69.0,53.0,30.03,29.99,29.94,10.0,9.0,6.0,18.0,10.0,23.0,0,4.0,,290.0,94107
8/26/2015,79.0,69.0,58.0,58.0,56.0,52.0,87.0,65.0,43.0,30.04,30.0,29.97,10.0,9.0,6.0,16.0,6.0,21.0,0,4.0,,296.0,94107
8/27/2015,84.0,72.0,59.0,58.0,55.0,46.0,84.0,57.0,30.0,30.06,30.01,29.95,10.0,10.0,10.0,17.0,6.0,29.0,0,2.0,,272.0,94107
8/28/2015,91.0,77.0,62.0,62.0,58.0,53.0,87.0,60.0,32.0,29.96,29.9,29.86,10.0,10.0,10.0,24.0,8.0,28.0,0,4.0,,291.0,94107
8/29/2015,76.0,71.0,65.0,66.0,62.0,57.0,87.0,73.0,58.0,30.01,29.98,29.93,10.0,9.0,3.0,21.0,11.0,25.0,T,6.0,Rain,260.0,94107
8/30/2015,78.0,70.0,61.0,60.0,59.0,56.0,87.0,69.0,50.0,30.06,30.01,29.94,10.0,10.0,10.0,20.0,11.0,22.0,0,3.0,,276.0,94107
8/31/2015,78.0,69.0,60.0,58.0,57.0,54.0,84.0,67.0,50.0,29.95,29.91,29.87,10.0,10.0,9.0,18.0,9.0,21.0,0,1.0,,246.0,94107
